"DateTime","CalibValid","discharge","quickflow","baseflow","temp_min","temp_max","precip","Observed","local","local_bfs","all_ws","all_ws_attr","all_ws_bfs","all_ws_bfs_attr"
"2019-02-13","Valid",865,249.630121721828,615.369878278172,-100,17,28,1.9,2.358522,2.2049885,1.7699845,2.1443276,1.8350195,2.1375792
"2019-02-14","Valid",842,219.908442817895,622.091557182105,-100,33,0,1.88,2.2527921,2.078464,1.7845355,2.108461,2.0275455,1.9604499
"2019-02-15","Valid",853,225.100986238609,627.899013761391,-78,83,0,1.9399999,2.1219926,1.9251354,1.7916296,1.9136965,2.0279868,1.8560219
"2019-02-16","Valid",842,209.207358343195,632.792641656805,-83,-39,0,1.97,2.0949535,1.8561605,1.7623453,1.9508055,2.0376236,1.8604714
"2019-02-17","Valid",802,165.226511770668,636.773488229332,-50,-22,0,1.89,2.045898,1.8338685,1.6989868,1.9198979,1.9878533,1.9050698
"2019-02-18","Valid",769,129.124526356384,639.875473643616,-61,-17,10,1.84,1.9847839,1.802743,1.7208439,1.8203063,1.9460074,1.8363128
"2019-02-19","Valid",731,88.776378795628,642.223621204372,-100,-17,0,1.75,1.9471259,1.7777674,1.6999817,1.8377353,1.9284304,1.8253167
"2019-02-20","Valid",717,73.0045740788996,643.9954259211,-100,6,8,1.75,1.8592169,1.7210993,1.7010667,1.7299578,1.9120321,1.7792487
"2019-02-21","Valid",709,63.6858377180564,645.314162281944,-22,33,3,1.68,1.818967,1.6926978,1.6815249,1.7291547,1.9086226,1.7697573
"2019-02-22","Valid",702,55.7559003703635,646.244099629636,-39,33,0,1.71,1.806819,1.6868979,1.6854835,1.7036114,1.8755099,1.7828676
"2019-02-23","Valid",705,58.1758320958688,646.824167904131,-44,56,0,1.72,1.786442,1.673766,1.6795776,1.6773933,1.8563746,1.7751088
"2019-02-24","Valid",771,123.935897523731,647.064102476269,-6,111,76,1.78,1.7642542,1.6610605,1.6814872,1.6843075,1.8485389,1.7704148
"2019-02-25","Valid",850,206.990444907564,643.009555092436,-122,0,0,1.96,1.9687668,1.8074881,1.6916094,1.8913404,1.8903371,1.9303515
"2019-02-26","Valid",802,164.987954141517,637.012045858483,-122,-28,0,1.91,1.922889,1.7904744,1.706552,1.9219205,1.9721014,1.93547
"2019-02-27","Valid",755,124.990288772278,630.009711227722,-61,-28,0,1.78,1.8387866,1.7243224,1.6914444,1.822647,1.9143723,1.8043467
"2019-02-28","Valid",720,97.5106607997253,622.489339200275,-61,6,0,1.74,1.792025,1.6905165,1.6848937,1.7238874,1.8695552,1.7930176
"2019-03-01","Valid",703,87.7277414051084,615.272258594892,-67,0,0,1.68,1.7547739,1.6588414,1.6804721,1.6738667,1.8685861,1.7764246
"2019-03-02","Valid",685,76.1110717893064,608.888928210694,-67,39,0,1.65,1.7353463,1.6420358,1.6784776,1.6850432,1.8369805,1.7730764
"2019-03-03","Valid",666,62.5119695019529,603.488030498047,-50,-6,0,1.67,1.7050977,1.6217581,1.6752367,1.6275287,1.8432994,1.7363564
"2019-03-04","Valid",640,40.5264535156248,599.473546484375,-178,-33,5,1.67,1.6942127,1.6189846,1.673921,1.6140656,1.8276341,1.7428358
"2019-03-05","Valid",614,16.7583281249998,597.241671875,-178,-100,0,1.59,1.6818573,1.5887305,1.68133,1.5406984,1.8258543,1.6718255
"2019-03-06","Valid",602,5.6306249999999,596.369375,-139,-56,0,1.59,1.6693983,1.5622089,1.6960751,1.5290761,1.7492741,1.6550841
"2019-03-07","Valid",598,1.92499999999995,596.075,-122,-11,0,1.5799999,1.6431816,1.5363314,1.7060302,1.5279484,1.7676573,1.6688627
"2019-03-08","Valid",596,0,596,-78,-11,0,1.6,1.625404,1.515141,1.7135742,1.5457282,1.7405151,1.6599009
"2019-03-09","Valid",616,19.971875,596.028125,-44,56,0,1.61,1.6212403,1.5135047,1.7129271,1.5867511,1.7251173,1.6756043
"2019-03-10","Valid",789,192.6203125,596.3796875,17,89,229,1.73,1.6382769,1.5439311,1.7094696,1.6218565,1.7792234,1.7239364
"2019-03-11","Valid",827,229.425861328125,597.574138671875,-28,39,0,1.81,2.3837743,2.253027,1.7654837,2.1913338,2.0032265,2.4301686
"2019-03-12","Valid",763,163.256776074219,599.743223925781,-61,61,0,1.6999999,2.2732868,2.1910305,1.7854517,1.931474,2.046267,2.0056953
"2019-03-13","Valid",738,135.427689388428,602.572310611572,-61,83,25,1.5799999,2.0153828,1.9381864,1.7549276,1.7755395,2.004046,1.8433928
"2019-03-14","Valid",807,201.113083840088,605.886916159912,33,161,71,1.6,1.9081235,1.8039429,1.7251905,1.775975,1.9273639,1.8214312
"2019-03-15","Valid",937,327.059982121189,609.940017878811,22,206,10,2.05,2.0905657,1.9109373,1.7436411,1.9560289,1.920919,2.043377
"2019-03-16","Valid",958,342.905615813525,615.094384186475,-33,28,20,2.22,2.123551,1.9300222,1.7791922,1.9894192,1.7856814,2.1479428
"2019-03-17","Valid",917,295.653754552578,621.346245447422,-39,50,0,2.1,2.044751,1.9242194,1.7589232,1.8953956,2.057944,2.2585154
"2019-03-18","Valid",875,246.6743240042,628.3256759958,-44,61,5,1.91,1.8967776,1.8011003,1.7294009,1.8489803,2.031598,2.0337698
"2019-03-19","Valid",845,209.738706418588,635.261293581412,-44,61,0,1.79,1.8186233,1.7216957,1.7079313,1.7710407,2.011249,1.8969153
"2019-03-20","Valid",820,178.388521809425,641.611478190575,-44,94,0,1.72,1.7589653,1.6692578,1.691398,1.7470725,1.9630954,1.8271029
"2019-03-21","Valid",851,203.634681176687,647.365318823313,22,61,79,1.8,1.7018496,1.6260232,1.6796409,1.6638279,1.7337371,1.7627041
"2019-03-22","Valid",860,207.487836381958,652.512163618042,0,61,0,1.8499999,1.8684758,1.7886338,1.7100384,1.7915906,1.936842,1.9764931
"2019-03-23","Valid",828,170.962499008765,657.037500991235,-61,56,0,1.78,1.7748353,1.7412484,1.7111653,1.7005712,1.9619495,1.8512874
"2019-03-24","Valid",799,138.069704651305,660.930295348695,6,100,0,1.6899999,1.6896058,1.6642698,1.6859014,1.7117532,1.943097,1.7799929
"2019-03-25","Valid",777,112.810269872324,664.189730127676,17,122,13,1.61,1.6358792,1.6236587,1.6773368,1.5814182,1.8796796,1.7658808
"2019-03-26","Valid",746,79.1429757933948,666.857024206605,-61,122,0,1.5699999,1.6193725,1.6094855,1.6790712,1.5631876,1.8533118,1.7415411
"2019-03-27","Valid",718,48.9467876771923,669.053212322808,-61,89,0,1.5,1.5580031,1.5480847,1.6574277,1.496943,1.8216009,1.6390704
"2019-03-28","Valid",707,36.0740935401079,670.925906459892,-50,133,33,1.48,1.5255556,1.5180165,1.6359041,1.4880294,1.7498991,1.6301476
"2019-03-29","Valid",701,28.4283702421187,672.571629757881,67,150,10,1.47,1.5282477,1.5351652,1.6243552,1.5187819,1.6633567,1.6181154
"2019-03-30","Valid",793,118.969888722629,674.030111277371,50,139,226,1.5,1.5078744,1.555123,1.6370931,1.490473,1.5883411,1.6519259
"2019-03-31","Valid",942,266.709739085574,675.290260914426,-39,50,0,1.98,1.9501717,2.027032,1.7696131,1.7946857,1.7244995,1.9937426
"2019-04-01","Valid",900,223.705981965551,676.294018034449,-56,50,0,1.98,1.819346,1.9260163,1.81548,1.8668269,1.9765977,2.0298893
"2019-04-02","Valid",837,160.033261410137,676.966738589863,-56,83,0,1.78,1.7272357,1.7672188,1.7941558,1.700806,2.0132387,1.8512594
"2019-04-03","Valid",785,107.749750219436,677.250249780564,6,139,0,1.63,1.6531485,1.6439962,1.7542968,1.6316546,1.8399202,1.7475147
"2019-04-04","Valid",761,88.4337360237458,672.566263976254,6,150,15,1.5699999,1.5887642,1.5903912,1.7244108,1.541633,1.6973549,1.6917065
"2019-04-05","Valid",756,89.6847162290721,666.315283770928,28,94,38,1.54,1.5738289,1.5817239,1.707481,1.5510795,1.6703655,1.6747358
"2019-04-06","Valid",734,73.8215595605469,660.178440439453,28,189,0,1.55,1.6088765,1.6327392,1.7100545,1.5476642,1.7506549,1.7261814
"2019-04-07","Valid",711,55.8746589843751,655.125341015625,78,200,0,1.51,1.5247273,1.5887605,1.6938667,1.481714,1.6951325,1.6222299
"2019-04-08","Valid",702,51.0401718750001,650.959828125,100,228,3,1.4399999,1.5004374,1.5724118,1.6881542,1.44336,1.7385713,1.6294684
"2019-04-09","Valid",685,37.489375,647.510625,56,228,0,1.3399999,1.4974557,1.5662801,1.6901841,1.4263439,1.6947005,1.6503005
"2019-04-10","Valid",659,13.475,645.525,17,228,0,1.39,1.4750624,1.5301343,1.6775244,1.377229,1.6975348,1.5760874
"2019-04-11","Valid",645,0,645,22,139,0,1.38,1.4458922,1.4847791,1.6368583,1.3494434,1.6557903,1.5106068
"2019-04-12","Valid",699,53.9240625,645.0759375,22,183,213,1.47,1.443805,1.4739687,1.6215652,1.3402779,1.5541193,1.555584
"2019-04-13","Valid",770,124.531859375,645.468140625,6,183,0,1.51,1.7115505,1.8560107,1.6656758,1.6373601,1.7519102,1.6388906
"2019-04-14","Valid",771,124.594226367188,646.405773632812,22,122,30,1.48,1.5646814,1.7217253,1.7530636,1.5439578,1.9257631,1.7009678
"2019-04-15","Valid",929,280.870340351563,648.129659648437,6,28,191,1.79,1.5836781,1.6997254,1.777581,1.5721617,1.9203861,1.709657
"2019-04-16","Valid",939,288.023569714966,650.976430285034,11,128,0,1.93,1.9726362,2.1385565,1.8516927,2.1234612,2.0648568,2.3093133
"2019-04-17","Valid",881,226.197033323019,654.802966676981,94,233,0,1.66,1.7789724,1.8937765,1.9357483,1.731869,2.1279244,1.8873038
"2019-04-18","Valid",859,200.217515940563,658.782484059437,122,239,94,1.49,1.6763176,1.7159121,1.9058394,1.5763888,2.0200243,1.806073
"2019-04-19","Valid",919,256.63345045132,662.36654954868,39,178,97,1.64,1.7870344,1.7998347,1.8393679,1.6769238,1.9657261,1.9215682
"2019-04-20","Valid",909,243.499064945633,665.500935054367,39,72,0,1.6899999,1.8220748,1.8638752,1.8512543,1.8013833,1.963609,1.9793069
"2019-04-21","Valid",849,180.869497012238,668.130502987762,-11,133,0,1.62,1.6824212,1.7267815,1.8975312,1.664252,2.039331,1.8196896
"2019-04-22","Valid",792,121.785588125401,670.214411874599,89,233,0,1.54,1.5840474,1.578857,1.870794,1.5904961,2.004357,1.6771122
"2019-04-23","Valid",764,92.2638248806659,671.736175119334,78,256,0,1.41,1.5223745,1.5052295,1.8210827,1.4788764,1.9209173,1.6168493
"2019-04-24","Valid",735,62.2586456440105,672.74135435599,22,111,0,1.4399999,1.5050908,1.4501435,1.781648,1.4582943,1.8189064,1.5827547
"2019-04-25","Valid",711,37.6396676308659,673.360332369134,44,172,0,1.42,1.5043303,1.4225324,1.7772177,1.4702598,1.7726109,1.5815184
"2019-04-26","Valid",692,18.257180839801,673.742819160199,78,178,5,1.4399999,1.472629,1.3978654,1.7651813,1.4492037,1.7076843,1.5653685
"2019-04-27","Valid",677,2.99179852681596,674.008201473184,17,167,0,1.41,1.4652193,1.3950492,1.7518818,1.4115586,1.6730229,1.5304618
"2019-04-28","Valid",783,108.618351137305,674.381648862695,11,67,244,1.49,1.4490926,1.3720437,1.7518867,1.4056257,1.6473539,1.4989598
"2019-04-29","Valid",862,186.725810739507,675.274189260493,44,139,46,1.5799999,1.8247954,1.8391247,1.7720041,1.8331652,1.6883904,1.8334025
"2019-04-30","Valid",1150,472.617891926231,677.382108073769,44,139,226,1.93,1.7360748,1.7668611,1.8644991,1.816053,1.8547784,1.815365
"2019-05-01","Valid",1470,788.110828249537,681.889171750463,67,122,312,2.29,2.2672977,2.3083296,1.8784696,2.4898422,1.9894326,2.4853745
"2019-05-02","Valid",1600,910.088535982263,689.911464017737,100,211,3,2.7199998,2.6691113,2.5473895,1.851667,2.4445515,1.9655907,2.6690536
"2019-05-03","Valid",1560,858.344276646175,701.655723353825,67,183,41,2.45,2.1810126,2.1058471,1.934186,2.2698185,1.9417259,2.4598622
"2019-05-04","Valid",1490,773.509595695601,716.490404304399,67,128,0,2.18,1.8592561,1.8696132,1.8954625,2.1232765,1.9266722,2.2468972
"2019-05-05","Valid",1400,666.493805331478,733.506194668522,44,178,0,1.97,1.6448708,1.7055092,1.8607934,1.9044714,1.95861,2.0321872
"2019-05-06","Valid",1300,548.199704546185,751.800295453815,39,222,0,1.76,1.5187972,1.586154,1.8277564,1.7012013,1.9752672,1.8352424
"2019-05-07","Valid",1210,439.485927851941,770.514072148059,39,244,5,1.61,1.4165115,1.5138665,1.7844677,1.5018518,1.9812789,1.7027335
"2019-05-08","Valid",1140,351.494243053795,788.505756946205,89,133,36,1.55,1.3419182,1.4688826,1.7385112,1.4787021,1.9455807,1.636797
"2019-05-09","Valid",1110,304.92704673493,805.07295326507,100,228,180,1.55,1.343929,1.4934001,1.6878883,1.5010806,1.9550649,1.6793752
"2019-05-10","Valid",1110,289.734215162906,820.265784837094,67,228,18,1.53,1.3819435,1.6337842,1.6701044,1.5910654,1.8792187,1.7581877
"2019-05-11","Valid",1050,215.857643294143,834.142356705857,39,128,3,1.56,1.2620919,1.497488,1.738624,1.5298897,1.9538661,1.6608522
"2019-05-12","Valid",1010,163.185114584949,846.814885415051,61,128,18,1.53,1.2962662,1.4172575,1.7198668,1.4508799,1.9545386,1.546524
"2019-05-13","Valid",1110,251.557127784036,858.442872215964,61,122,201,1.53,1.2921348,1.3960187,1.6978065,1.4492989,1.9087055,1.5193046
"2019-05-14","Valid",1210,340.884550670661,869.115449329339,22,144,0,1.8299999,1.4436328,1.5963745,1.6460878,1.8005413,1.9259748,1.7183843
"2019-05-15","Valid",1150,271.159239590714,878.840760409286,61,200,0,1.74,1.3194077,1.4741093,1.734757,1.6942109,2.0103679,1.7197393
"2019-05-16","Valid",1080,192.383106025461,887.616893974539,61,228,18,1.6,1.2642744,1.4110179,1.7251313,1.4629902,2.0167685,1.611831
"2019-05-17","Valid",1050,154.541011346863,895.458988653137,150,239,53,1.48,1.2331669,1.382047,1.6918197,1.4715611,1.9972028,1.5188401
"2019-05-18","Valid",1050,147.600106013059,902.399893986941,100,200,0,1.53,1.2239916,1.4270164,1.6760737,1.4742278,1.9476953,1.5300162
"2019-05-19","Valid",1020,111.485024622445,908.514975377555,172,294,5,1.53,1.2277398,1.3985553,1.6983014,1.4261178,1.953521,1.4715679
"2019-05-20","Valid",1000,86.0546126195115,913.945387380488,106,233,10,1.47,1.2106072,1.4181713,1.7132164,1.4308466,1.9131556,1.4799019
"2019-05-21","Valid",979,60.1459854230482,918.854014576952,50,117,79,1.47,1.2358057,1.4049526,1.6854157,1.4665754,1.8636398,1.4109868
"2019-05-22","Valid",1000,76.6055052663196,923.39449473368,67,128,0,1.52,1.287122,1.4091039,1.6270851,1.5526791,1.7836661,1.3901747
"2019-05-23","Valid",1140,212.122307215096,927.877692784904,117,267,18,1.63,1.2697127,1.3824257,1.6761476,1.5326084,1.8001237,1.4835641
"2019-05-24","Valid",1260,327.121307904432,932.878692095568,122,244,0,1.81,1.2700233,1.44104,1.6705719,1.6502745,1.8878934,1.6047813
"2019-05-25","Valid",1200,261.769392854182,938.230607145818,133,244,25,1.75,1.2684286,1.4755049,1.656242,1.6567035,1.9306921,1.6486222
"2019-05-26","Valid",1130,186.751450953411,943.248549046589,178,283,13,1.5699999,1.2261482,1.4558921,1.6437875,1.5030394,1.9628243,1.5708141
"2019-05-27","Valid",1090,142.25671955942,947.74328044058,117,283,0,1.49,1.18226,1.438366,1.6655489,1.4851754,1.931283,1.513407
"2019-05-28","Valid",1280,328.309499875313,951.690500124687,183,239,71,1.59,1.1863971,1.406739,1.6622403,1.5206846,1.9064093,1.4264385
"2019-05-29","Valid",1390,434.961484981326,955.038515018674,111,233,81,1.75,1.279891,1.5277131,1.6098375,1.7739636,1.9084389,1.6743407
"2019-05-30","Valid",1420,462.313073557639,957.686926442361,128,239,127,1.79,1.2673082,1.5308294,1.574511,1.8255284,1.9526374,1.7245755
"2019-05-31","Valid",1390,430.492927640972,959.507072359028,139,250,28,1.72,1.2557683,1.531109,1.5273693,1.7026635,1.9644735,1.723788
"2019-06-01","Valid",1320,359.626168880057,960.373831119943,156,267,0,1.5799999,1.1536326,1.4428357,1.5391724,1.5161034,1.9809211,1.6668081
"2019-06-02","Valid",1240,289.254665362178,950.745334637822,100,289,13,1.4399999,1.1354738,1.3975439,1.5446094,1.3982255,1.9809294,1.5876397
"2019-06-03","Valid",1140,204.855104405273,935.144895594727,83,200,0,1.41,1.1315978,1.368281,1.5297185,1.3973818,1.994993,1.4962214
"2019-06-04","Valid",1060,138.221734492187,921.778265507813,106,217,0,1.35,1.1529124,1.3448302,1.5290624,1.3960326,1.9789996,1.4110136
"2019-06-05","Valid",1030,118.2126859375,911.7873140625,178,261,53,1.39,1.1533793,1.3462363,1.5425218,1.3832529,1.9517773,1.383195
"2019-06-06","Valid",1010,106.9866875,903.0133125,150,283,0,1.38,1.1488991,1.4029621,1.5139756,1.4192116,1.9079944,1.4542338
"2019-06-07","Valid",966,69.8774999999999,896.1225,150,278,0,1.37,1.1567495,1.3948245,1.5351588,1.413891,1.8911335,1.423886
"2019-06-08","Valid",923,30.8,892.2,150,278,0,1.3399999,1.182308,1.4019806,1.5396463,1.4030409,1.8452599,1.4017061
"2019-06-09","Valid",891,0,891,167,283,0,1.3399999,1.1990228,1.4062153,1.5402346,1.4072143,1.7785891,1.3873565
"2019-06-10","Valid",1050,158.77640625,891.22359375,161,217,114,1.63,1.2164811,1.4172838,1.5384592,1.4159013,1.7182869,1.3897271
"2019-06-11","Valid",1160,268.228845275088,891.771154724912,100,206,0,2.18,1.3165504,1.5468652,1.4935974,1.6221449,1.8021704,1.653862
"2019-06-12","Valid",1100,207.667943231341,892.332056768659,128,256,0,1.8499999,1.2727294,1.4813807,1.5236539,1.6384873,1.913879,1.6843491
"2019-06-13","Valid",1030,137.319978388864,892.680021611136,94,228,10,1.64,1.234497,1.4391787,1.5331101,1.4995472,1.9322839,1.5623075
"2019-06-14","Valid",1020,128.262739802359,891.737260197641,83,167,46,1.62,1.2293967,1.4031738,1.5391928,1.5023173,1.8981769,1.459692
"2019-06-15","Valid",1000,112.820045240349,887.179954759651,122,250,0,1.66,1.2519338,1.4096619,1.5272465,1.5738393,1.8634567,1.4652956
"2019-06-16","Valid",1020,138.124229331826,881.875770668174,178,194,89,1.61,1.2155911,1.3974121,1.5486207,1.5060208,1.8547009,1.4709687
"2019-06-17","Valid",1020,144.237952655728,875.762047344272,139,233,0,1.74,1.2684588,1.4879444,1.5289118,1.6003882,1.8501158,1.5738152
"2019-06-18","Valid",987,118.178629745778,868.821370254222,150,228,0,1.65,1.230037,1.4413458,1.5621525,1.557141,1.8785566,1.5478393
"2019-06-19","Valid",950,88.2879269247072,861.712073075293,156,261,0,1.55,1.2435783,1.4392563,1.5729512,1.5298742,1.8613455,1.5023305
"2019-06-20","Valid",1070,215.628839918602,854.371160081398,172,267,254,1.72,1.2410107,1.4370095,1.573919,1.5170307,1.8241553,1.4726216
"2019-06-21","Valid",1310,464.463441803894,845.536558196106,100,183,0,2.29,1.4387773,1.6987435,1.5305784,1.7863085,1.8509139,1.7482023
"2019-06-22","Valid",1260,425.681605159616,834.318394840384,100,228,25,1.96,1.3163538,1.549498,1.5272968,2.0513737,1.9616014,1.8960845
"2019-06-23","Valid",1170,349.427562060226,820.572437939774,167,261,0,1.71,1.2619944,1.4643852,1.5001355,1.5949749,1.9883008,1.6797401
"2019-06-24","Valid",1100,295.328821703095,804.671178296905,200,272,43,1.54,1.1985624,1.4200335,1.5017531,1.4994926,1.9854971,1.5671002
"2019-06-25","Valid",1070,283.086810667131,786.913189332869,167,239,99,1.49,1.201374,1.4529028,1.48176,1.5391138,1.9557577,1.6021241
"2019-06-26","Valid",1010,241.826628479286,768.173371520714,167,278,0,1.5,1.2201861,1.5057836,1.4465059,1.6232862,1.9507991,1.6778573
"2019-06-27","Valid",991,241.663922680309,749.336077319691,183,300,114,1.49,1.1885238,1.422305,1.4555597,1.5413972,1.9647576,1.548386
"2019-06-28","Valid",999,269.270456951686,729.729543048314,200,283,0,1.48,1.2394764,1.5103296,1.4252399,1.5985557,1.9232402,1.6997613
"2019-06-29","Valid",939,228.358602109931,710.641397890069,206,294,0,1.48,1.2329793,1.446791,1.4430381,1.5533105,1.9420958,1.6359068
"2019-06-30","Valid",889,194.847137416141,694.152862583859,194,311,0,1.4499999,1.259262,1.4263427,1.4376644,1.5228812,1.9214429,1.5706557
"2019-07-01","Valid",848,167.983391801234,680.016608198766,189,300,0,1.43,1.2743142,1.4091816,1.4258631,1.5213816,1.8983107,1.5517993
"2019-07-02","Valid",819,151.427991136469,667.572008863531,211,311,0,1.41,1.2965722,1.4010166,1.4197391,1.5095965,1.8825822,1.5435641
"2019-07-03","Valid",798,141.854585012399,656.145414987601,200,317,53,1.43,1.3213723,1.3998624,1.41595,1.520433,1.8726281,1.5514446
"2019-07-04","Valid",779,133.586037851242,645.413962148758,200,294,0,1.43,1.358307,1.4339681,1.3937349,1.5668353,1.859232,1.5638683
"2019-07-05","Valid",755,119.444365244586,635.555634755414,217,306,0,1.38,1.3691611,1.407204,1.4025185,1.5369359,1.8722831,1.5501617
"2019-07-06","Valid",768,142.148807021174,625.851192978826,217,311,8,1.4,1.3923926,1.4084187,1.4040599,1.540143,1.8541445,1.541214
"2019-07-07","Valid",802,186.749592894512,615.250407105488,178,289,64,1.5,1.4232447,1.4317071,1.4095502,1.576754,1.8702288,1.5912484
"2019-07-08","Valid",776,172.394801967885,603.605198032115,156,278,0,1.51,1.4716077,1.5085002,1.541239,1.6674005,1.8971834,1.6810564
"2019-07-09","Valid",733,140.982827824234,592.017172175766,144,278,0,1.43,1.4346423,1.4457177,1.4128362,1.5863923,1.8929602,1.5444499
"2019-07-10","Valid",702,120.157111161334,581.842888838666,167,294,0,1.38,1.4263856,1.4205054,1.4104646,1.5446235,1.879966,1.5045087
"2019-07-11","Valid",679,105.967147201442,573.032852798558,194,328,0,1.4399999,1.4232299,1.4107094,1.4103484,1.5215608,1.8398426,1.4957548
"2019-07-12","Valid",643,77.0996185961531,565.900381403847,133,328,0,1.46,1.4248487,1.4121988,1.4060819,1.509602,1.8046254,1.4790978
"2019-07-13","Valid",619,58.3779660498951,560.622033950105,156,278,0,1.43,1.4102658,1.400949,1.3884082,1.4449141,1.7570128,1.3949983
"2019-07-14","Valid",599,42.3005038377245,556.699496162276,206,311,10,1.42,1.4069142,1.4069177,1.4024305,1.4524641,1.7268757,1.4078405
"2019-07-15","Valid",589,35.3248690137561,553.675130986244,200,311,0,1.41,1.4046488,1.4132805,1.4015046,1.4539276,1.6789464,1.3959122
"2019-07-16","Valid",580,28.8241827175742,551.175817282426,206,306,84,1.37,1.3986497,1.4159944,1.4031267,1.4500169,1.6382974,1.3909066
"2019-07-17","Valid",611,62.2084069919722,548.791593008028,206,306,23,1.36,1.4181844,1.4653451,1.4004697,1.5079253,1.5815828,1.2913053
"2019-07-18","Valid",613,66.9268377953754,546.073162204625,222,322,0,1.39,1.4101032,1.4633782,1.4139661,1.5461,1.5861403,1.4733107
"2019-07-19","Valid",629,86.0735399096964,542.926460090304,222,294,46,1.4499999,1.4184568,1.4746217,1.4284605,1.5511322,1.5673863,1.4403621
"2019-07-20","Valid",609,69.6889324694141,539.311067530586,244,322,8,1.47,1.457278,1.5322043,1.4442852,1.6303804,1.5699935,1.4791905
"2019-07-21","Valid",620,84.7752374563107,535.224762543689,228,322,0,1.37,1.4375459,1.4990194,1.4553366,1.5579227,1.5450282,1.4324784
"2019-07-22","Valid",882,351.758655373685,530.241344626315,183,300,142,2,1.4445267,1.5166434,1.4665797,1.6100543,1.5371492,1.4881697
"2019-07-23","Valid",881,357.481315114278,523.518684885722,117,211,0,2.19,1.7695411,1.8952125,1.4813461,2.283383,1.6529227,2.178941
"2019-07-24","Valid",786,271.234942311646,514.765057688354,106,250,0,1.67,1.6538229,1.7599974,1.4710876,1.8705821,1.7294846,1.683145
"2019-07-25","Valid",705,200.659254969018,504.340745030982,122,244,0,1.48,1.5472337,1.6014752,1.4437798,1.7085811,1.7460076,1.4842665
"2019-07-26","Valid",648,155.279417597727,492.720582402273,133,261,0,1.47,1.4837508,1.4875891,1.4311858,1.6003145,1.7345741,1.4411142
"2019-07-27","Valid",610,128.329100105651,481.670899894349,161,267,0,1.4,1.4440597,1.4275944,1.4234614,1.5311306,1.7080616,1.4122359
"2019-07-28","Valid",584,111.680108222325,472.319891777675,200,283,0,1.39,1.4217864,1.4022174,1.4238163,1.4956591,1.6747475,1.406188
"2019-07-29","Valid",566,102.005522402514,463.994477597486,211,294,0,1.42,1.4097817,1.3929099,1.427593,1.4801612,1.6305187,1.4072666
"2019-07-30","Valid",564,108.195159354069,455.804840645931,167,244,213,1.4399999,1.4008807,1.3906044,1.4311837,1.4723935,1.5902566,1.3933284
"2019-07-31","Valid",543,95.1163884908855,447.883611509115,122,267,0,1.4,1.525959,1.5308946,1.4407362,1.5696961,1.5745261,1.2912611
"2019-08-01","Valid",525,84.0987983685248,440.901201631475,133,233,0,1.43,1.3690016,1.3536539,1.4236144,1.3803754,1.5634018,1.2976115
"2019-08-02","Valid",503,68.0257279659727,434.974272034027,122,272,0,1.4399999,1.3670183,1.3562056,1.4390345,1.4289894,1.5335224,1.2993383
"2019-08-03","Valid",481,50.6494356388894,430.350564361111,128,278,0,1.4,1.3506927,1.3301741,1.4265816,1.3731565,1.4886513,1.3314942
"2019-08-04","Valid",465,38.1074979879886,426.892502012011,161,294,0,1.43,1.3354206,1.3079019,1.4210817,1.376563,1.4413261,1.2739375
"2019-08-05","Valid",459,34.9540518789066,424.045948121093,150,289,0,1.43,1.3285989,1.2903912,1.3656806,1.3853687,1.4060407,1.2912881
"2019-08-06","Valid",458,36.747623652872,421.252376347128,167,311,0,1.43,1.3269874,1.2822046,1.4174509,1.4043239,1.3748372,1.2881358
"2019-08-07","Valid",469,50.7438836787805,418.256116321219,144,311,0,1.43,1.3321377,1.2788591,1.4150989,1.4243748,1.3554776,1.317827
"2019-08-08","Valid",458,42.9830837067898,415.01691629321,144,311,25,1.37,1.3407583,1.2985823,1.4174827,1.4558182,1.342087,1.3492671
"2019-08-09","Valid",457,45.4276580613944,411.572341938606,133,283,0,1.43,1.3478609,1.3214302,1.4159645,1.4668281,1.3220586,1.2597508
"2019-08-10","Valid",436,27.2596303366426,408.740369663357,133,256,0,1.4,1.3456362,1.3378075,1.4342895,1.4589176,1.3031206,1.359237
"2019-08-11","Valid",423,15.9428436071812,407.057156392819,139,278,0,1.42,1.3473362,1.3499924,1.4351696,1.4354298,1.2789226,1.2993988
"2019-08-12","Valid",436,30.2552701158716,405.744729884128,167,278,0,1.4,1.3465832,1.3562075,1.4321051,1.4261533,1.2630024,1.344815
"2019-08-13","Valid",475,70.7912084022936,404.208791597706,211,267,122,1.39,1.3728083,1.3887174,1.4530263,1.456571,1.2633593,1.4138205
"2019-08-14","Valid",467,64.686181064135,402.313818935865,172,278,0,1.4,1.5097972,1.5490997,1.5202671,1.5942508,1.3010757,1.4383901
"2019-08-15","Valid",465,64.9836372594744,400.016362740526,172,278,53,1.41,1.4529352,1.4641628,1.5244851,1.4789164,1.2718571,1.4032236
"2019-08-16","Valid",456,58.6656223300405,397.33437766996,128,233,0,1.4399999,1.5068192,1.5077157,1.5647911,1.5584772,1.275586,1.420501
"2019-08-17","Valid",449,54.7073983472081,394.292601652792,139,267,30,1.4399999,1.469261,1.4756992,1.5231144,1.4882928,1.2693651,1.416727
"2019-08-18","Valid",453,62.098577462433,390.901422537567,200,250,0,1.39,1.4950427,1.5003204,1.54697,1.5165415,1.2708195,1.4425474
"2019-08-19","Valid",477,89.8977884676323,387.102211532368,178,289,13,1.5,1.5036873,1.5028762,1.4862986,1.5023278,1.278149,1.5030384
"2019-08-20","Valid",460,77.1813441324319,382.818655867568,183,289,0,1.35,1.5527266,1.5516517,1.4726028,1.5522804,1.2829525,1.5897927
"2019-08-21","Valid",450,71.9448877007396,378.05511229926,178,261,5,1.36,1.5476557,1.5430429,1.4454312,1.5029484,1.2686732,1.4691365
"2019-08-22","Valid",437,63.9306479693195,373.06935203068,189,283,10,1.41,1.53959,1.5475184,1.5149636,1.5076275,1.2687247,1.5157669
"2019-08-23","Valid",420,51.4250248316968,368.574975168303,122,256,0,1.41,1.533852,1.5417051,1.5099599,1.4817637,1.261554,1.485062
"2019-08-24","Valid",400,34.7838106288614,365.216189371139,111,233,0,1.41,1.4860142,1.5157853,1.1198151,1.4521171,1.2530097,1.429772
"2019-08-25","Valid",382,18.8743898690394,363.125610130961,122,222,0,1.4499999,1.4521818,1.4943529,1.4223781,1.4314411,1.2490368,1.417691
"2019-08-26","Valid",386,24.410826885448,361.589173114552,167,239,107,1.49,1.4281019,1.4727769,1.3869134,1.4110329,1.2482173,1.3958015
"2019-08-27","Valid",412,52.1291540653492,359.870845934651,167,239,5,1.52,1.492738,1.5420378,1.3203573,1.4865794,1.2525188,1.3531528
"2019-08-28","Valid",402,44.1097531280802,357.89024687192,139,261,0,1.43,1.4529188,1.4903793,1.3892193,1.445191,1.3559474,1.4848323
"2019-08-29","Valid",378,22.0314649526542,355.968535047346,122,261,0,1.46,1.451385,1.4760373,1.3086746,1.4337952,1.3081039,1.4255404
"2019-08-30","Valid",370,15.4934756244911,354.506524375509,128,228,0,1.47,1.4296322,1.4527657,1.2612356,1.4041321,1.2303257,1.3791589
"2019-08-31","Valid",364,10.5064601345849,353.493539865415,106,283,0,1.4,1.4150989,1.4466122,1.2729534,1.4035419,1.2293977,1.4033406
"2019-09-01","Valid",363,10.3177947400918,352.682205259908,106,283,3,1.41,1.4046462,1.4341375,1.2261752,1.3891743,1.2098861,1.4049983
"2019-09-02","Valid",366,14.158933502802,351.841066497198,150,228,0,1.46,1.3989143,1.431961,1.1990169,1.3890707,1.1977932,1.3915751
"2019-09-03","Valid",370,19.0876941584345,350.912305841565,167,267,0,1.43,1.4019891,1.4410207,1.2254453,1.3965281,1.203418,1.417724
"2019-09-04","Valid",395,45.1644543055711,349.835545694429,144,261,53,1.47,1.4125271,1.4427261,1.2225559,1.3947272,1.2454667,1.4617745
"2019-09-05","Valid",385,36.4626537018632,348.537346298137,89,222,0,1.41,1.4467275,1.4941547,1.2280273,1.4631137,1.4044096,1.4414172
"2019-09-06","Valid",371,23.9765043706666,347.023495629333,100,222,0,1.51,1.4132262,1.4642051,1.0616996,1.414994,1.4053005,1.387674
"2019-09-07","Valid",367,21.6217060253907,345.378293974609,128,211,0,1.4499999,1.4076706,1.4528158,1.2386284,1.4056274,1.3249526,1.4158154
"2019-09-08","Valid",364,20.2531957031251,343.746804296875,117,244,0,1.52,1.4037508,1.4512981,1.2575939,1.4000108,1.2278445,1.4108677
"2019-09-09","Valid",362,19.8142656250001,342.185734375,117,244,10,1.4399999,1.3985924,1.4436325,1.2593838,1.3928354,1.197984,1.4189721
"2019-09-10","Valid",357,16.218125,340.781875,144,244,0,1.49,1.3971617,1.4439527,1.2691475,1.3968228,1.1936314,1.3923881
"2019-09-11","Valid",342,1.92500000000001,340.075,194,306,0,1.39,1.3937471,1.4317636,1.2797049,1.3865657,1.2892792,1.4047543
"2019-09-12","Valid",340,0,340,189,300,8,1.4,1.4003327,1.4024444,1.0663397,1.3544158,1.3395255,1.4031383
"2019-09-13","Valid",381,40.94234375,340.05765625,189,289,8,1.46,1.3971436,1.390968,1.2816141,1.3607125,1.2012529,1.3887999
"2019-09-14","Valid",414,73.6739609375,340.3260390625,128,272,20,1.4499999,1.4242567,1.422329,1.30078,1.4143188,1.554597,1.5447538
"2019-09-15","Valid",431,90.0524098632812,340.947590136719,139,261,122,1.38,1.4484534,1.4765071,1.3230301,1.4709948,1.6261487,1.529016
"2019-09-16","Valid",442,100.022487919922,341.977512080078,156,233,8,1.4,1.5300367,1.5658994,1.0956213,1.5578986,1.8076061,1.4924529
"2019-09-17","Valid",432,88.6081657125854,343.391834287415,161,261,0,1.3399999,1.4832739,1.5157797,1.3804028,1.4887872,1.8209792,1.5400641
"2019-09-18","Valid",415,69.9094590917999,345.0905409082,133,233,0,1.37,1.4839553,1.5045241,1.3894203,1.4826417,1.79493,1.5263159
"2019-09-19","Valid",394,47.068387531999,346.931612468001,133,267,0,1.4399999,1.4608295,1.4976087,1.4065354,1.4581996,1.7930003,1.4511049
"2019-09-20","Valid",396,47.1960172487767,348.803982751223,139,272,0,1.35,1.439472,1.4668515,1.3964968,1.4286057,1.78391,1.4478546
"2019-09-21","Valid",379,28.3552115781704,350.64478842183,161,278,0,1.5,1.4336387,1.4613522,1.1490157,1.4328724,1.7827339,1.4755546
"2019-09-22","Valid",390,37.5812991611306,352.418700838869,211,267,0,1.4,1.4244215,1.4412042,1.1165104,1.4062829,1.761845,1.4126292
"2019-09-23","Valid",395,40.8874844087962,354.112515591204,178,283,30,1.47,1.4421035,1.4472029,1.4073507,1.4215591,1.8085179,1.5211793
"2019-09-24","Valid",381,25.3011237676322,355.698876232368,111,217,0,1.4399999,1.4538205,1.4617324,1.421126,1.4441353,1.7700301,1.44115
"2019-09-25","Valid",377,19.8426021677134,357.157397832287,111,239,0,1.52,1.4157876,1.4482837,1.4389236,1.4267331,1.8137932,1.3920151
"2019-09-26","Valid",375,16.5015945051349,358.498405494865,122,239,0,1.4399999,1.4115692,1.4436442,1.435779,1.4212145,1.8237873,1.4535393
"2019-09-27","Valid",387,27.2470999172498,359.75290008275,94,206,0,1.4399999,1.4075146,1.4441423,1.434759,1.4131572,1.8485354,1.4217119
"2019-09-28","Valid",872,510.355301798456,361.644698201544,144,228,1006,2.1,1.4090635,1.4658914,1.4534382,1.4275764,1.8597236,1.458148
"2019-09-29","Valid",1200,834.086664710447,365.913335289553,167,222,102,3.7199998,2.9067926,3.0864742,1.8739282,3.0956728,2.1208801,3.1397529
"2019-09-30","Valid",1240,866.147574613023,373.852425386977,161,217,183,3.27,2.934948,2.8876038,1.8961129,2.712005,1.9221102,3.1237679
"2019-10-01","Valid",1150,764.665423041216,385.334576958784,189,294,0,2.6799998,2.8076863,2.6610088,1.7306745,2.5509446,1.7684757,2.8758383
"2019-10-02","Valid",1020,621.515006726662,398.484993273338,206,306,0,2.03,2.1486762,2.0898352,1.7343271,2.1741729,1.6492496,2.2689302
"2019-10-03","Valid",908,496.890374560583,411.109625439417,178,250,43,1.66,1.7802942,1.6866529,1.6981249,1.8678112,1.5908976,1.8714024
"2019-10-04","Valid",829,406.526287517954,422.473712482046,94,200,0,1.61,1.7054216,1.6166372,1.6388396,1.8502828,1.5727965,1.8752234
"2019-10-05","Valid",756,323.469929271574,432.530070728426,61,156,0,1.52,1.58154,1.489049,1.6144491,1.7475466,1.5629288,1.7793435
"2019-10-06","Valid",702,260.732253874464,441.267746125536,72,183,33,1.46,1.5263069,1.4051014,1.5973446,1.6512667,1.5629855,1.5999353
"2019-10-07","Valid",656,207.294439518385,448.705560481615,83,183,0,1.4399999,1.5107304,1.3877993,1.5821762,1.6312144,1.560492,1.5376335
"2019-10-10","Valid",567,102.45188013583,464.54811986417,67,206,0,1.4499999,1.3994937,1.3327192,1.5953232,1.4421327,1.5394669,1.4353585
"2019-10-11","Valid",563,94.7102945797612,468.289705420239,89,228,0,1.46,1.3830905,1.3319745,1.5898905,1.410046,1.5156462,1.4168825
"2019-10-23","Valid",503,21.0592458304972,481.940754169503,33,111,0,1.4,1.426487,1.4547638,1.5930362,1.5000839,1.4462415,1.4586027
"2019-10-24","Valid",489,6.87666609926458,482.123333900735,33,200,0,1.41,1.4003302,1.4382224,1.6028277,1.3963203,1.4446663,1.4207653
"2019-10-27","Valid",689,206.147683385563,482.852316614437,61,161,320,1.5799999,1.4115921,1.4857093,1.5556161,1.4177046,1.4268363,1.5239224
"2019-11-14","Valid",624,42.3265384840315,581.673461515968,-117,-28,0,1.42,1.5236241,1.568964,1.8882824,1.5196304,1.6268514,1.572255
"2019-11-15","Valid",619,35.0873249022137,583.912675097786,-89,-6,0,1.43,1.5071443,1.5605177,1.8922453,1.5309244,1.6251433,1.5856887
"2019-11-16","Valid",615,29.0630004583147,585.936999541685,-72,17,0,1.41,1.5015377,1.5604334,1.8927581,1.531064,1.6339774,1.6256721
"2019-11-17","Valid",613,25.2184510172028,587.781548982797,-67,39,0,1.42,1.4969043,1.561868,1.891371,1.5355424,1.6412289,1.6239393
"2019-11-18","Valid",613,23.5302975620064,589.469702437994,-6,39,5,1.43,1.4929411,1.5603824,1.8870076,1.5361578,1.6468012,1.6227585
"2019-11-19","Valid",611,19.9821932136058,591.017806786394,6,17,5,1.42,1.5024511,1.580036,1.8722192,1.5725876,1.6678995,1.6599001
"2019-11-20","Valid",610,17.5571224725854,592.442877527415,17,50,3,1.41,1.5195605,1.5867015,1.8601793,1.5877368,1.6839358,1.6650648
"2019-11-21","Valid",619,25.2276820371416,593.772317962858,33,89,191,1.38,1.5225724,1.5688238,1.8488985,1.6070828,1.6885952,1.6642509
"2019-11-22","Valid",700,104.847023853106,595.152976146894,17,122,140,1.41,1.8694893,1.78943,1.8515737,1.8392746,1.7093151,1.6377933
"2019-11-23","Valid",708,111.421549950643,596.578450049357,-61,28,0,1.41,2.0549848,1.9107659,1.9280202,1.988877,1.8500004,1.8682114
"2019-11-24","Valid",673,75.1205408106855,597.879459189315,-28,11,0,1.42,1.792149,1.7881752,1.943135,1.8070228,1.9131477,1.7020116
"2019-11-25","Valid",646,46.9864184896849,599.013581510315,6,94,0,1.42,1.6642749,1.6451712,1.9177536,1.7564001,1.8628883,1.7136369
"2019-11-26","Valid",628,28.0270929489699,599.97290705103,-11,128,0,1.42,1.5779566,1.5040231,1.8867793,1.7192991,1.8070165,1.6810052
"2019-11-27","Valid",641,40.2397260405867,600.760273959413,-11,122,107,1.38,1.519879,1.4211322,1.855699,1.7012079,1.7439704,1.6175584
"2019-11-28","Valid",684,82.6241076245955,601.375892375405,11,78,0,1.38,1.6781753,1.5532641,1.8456845,1.8180878,1.7209333,1.6827295
"2019-11-29","Valid",678,76.190688066995,601.809311933005,11,39,0,1.4,1.6064065,1.5234674,1.8687311,1.796846,1.7943106,1.7999269
"2019-11-30","Valid",661,58.9560612349114,602.043938765089,11,39,3,1.41,1.5985068,1.5066234,1.8563485,1.7547126,1.8124303,1.7312968
"2019-12-01","Valid",679,78.1047107877878,600.895289212212,17,50,97,1.4499999,1.5862533,1.4799258,1.8415803,1.7361422,1.7857572,1.7448128
"2019-12-02","Valid",723,125.447955608592,597.552044391408,11,50,33,1.48,1.7618396,1.6017835,1.8506792,1.8854041,1.8072399,1.8074124
"2019-12-03","Valid",729,135.496289348639,593.503710651361,-17,50,0,1.49,1.7623421,1.608716,1.8827507,1.9007154,1.8644406,1.8794073
"2019-12-04","Valid",722,133.348823496886,588.651176503114,-17,33,0,1.51,1.6964412,1.5580637,1.8833157,1.8559049,1.8794931,1.8110573
"2019-12-05","Valid",694,110.980336977209,583.019663022791,-33,61,0,1.4499999,1.6651093,1.5212071,1.866327,1.8022296,1.8580173,1.8349946
"2019-12-06","Valid",663,86.282170074285,576.717829925715,-33,72,0,1.4399999,1.6083585,1.467989,1.8455555,1.7211592,1.8262762,1.7558074
"2019-12-07","Valid",639,68.2415675444804,570.75843245552,-78,39,0,1.39,1.5523521,1.4237785,1.8201815,1.6743172,1.7823861,1.7028233
"2019-12-08","Valid",622,56.0854784264653,565.914521573535,-17,61,0,1.4,1.5237662,1.4067732,1.8029033,1.6444461,1.7486492,1.6944089
"2019-12-09","Valid",630,68.6451118123949,561.354888187605,-17,94,89,1.36,1.4895732,1.3932977,1.786372,1.6242937,1.7066245,1.7135168
"2019-12-10","Valid",649,92.6389046620486,556.361095337951,-72,94,5,1.39,1.5984696,1.462142,1.7929456,1.7471194,1.7036448,1.7346947
"2019-12-11","Valid",625,74.1306705805931,550.869329419407,-94,-50,0,1.37,1.5236993,1.423555,1.8126537,1.6600791,1.7483149,1.7135803
"2019-12-12","Valid",601,55.1519040060466,545.848095993953,-100,-39,0,1.43,1.5354494,1.4375858,1.8021666,1.6088815,1.7612495,1.668028
"2019-12-13","Valid",600,58.5831394659964,541.416860534004,-50,50,0,1.4,1.5254159,1.4283911,1.8080573,1.5722809,1.7648058,1.7565897
"2019-12-14","Valid",599,62.2925832064825,536.707416793517,-28,67,0,1.42,1.4990338,1.4121972,1.8064883,1.6020843,1.7801443,1.7171822
"2019-12-15","Valid",586,53.8163061691703,532.18369383083,-50,50,0,1.39,1.4909195,1.4033132,1.7993569,1.5973159,1.7890716,1.7176785
"2019-12-16","Valid",571,42.5716823450489,528.428317654951,-44,-22,15,1.4,1.4846133,1.3927491,1.7980503,1.5651174,1.7789183,1.6973877
"2019-12-17","Valid",561,35.6180349676204,525.38196503238,-33,-6,0,1.39,1.512098,1.4115803,1.78956,1.5738577,1.7619817,1.704809
"2019-12-18","Valid",553,30.1816594244544,522.818340575546,-61,6,0,1.38,1.5042467,1.4018322,1.7920369,1.5458753,1.7612749,1.7166926
"2019-12-19","Valid",541,20.1423345129236,520.857665487076,-111,6,0,1.38,1.5056334,1.3905982,1.7850447,1.5587193,1.757694,1.6723393
"2019-12-20","Valid",534,14.4917129869444,519.508287013056,-94,22,0,1.39,1.5050251,1.373861,1.8016294,1.5171,1.73545,1.6691498
"2019-12-21","Valid",526,7.34239241831835,518.657607581682,-61,44,0,1.41,1.5010372,1.3603556,1.8050653,1.5110085,1.722115,1.6676894
"2019-12-22","Valid",522,3.77555937115494,518.224440628845,-61,89,0,1.36,1.4959937,1.3456788,1.8017582,1.51288,1.7206403,1.6455992
"2019-12-23","Valid",521,3.0411452661134,517.958854733887,0,117,0,1.36,1.4838388,1.3176455,1.7991323,1.4857553,1.7236722,1.6374907
"2019-12-24","Valid",528,10.2983665039063,517.701633496094,-33,128,0,1.4,1.4753062,1.2949799,1.7821743,1.4839116,1.7400854,1.6312481
"2019-12-25","Valid",527,9.60605078125002,517.39394921875,0,78,0,1.35,1.4682571,1.2724367,1.766074,1.4726231,1.7502059,1.6371001
"2019-12-26","Valid",520,2.88750000000005,517.1125,78,156,0,1.36,1.4738443,1.2760133,1.7611855,1.4958128,1.7720816,1.6421633
"2019-12-27","Valid",517,0,517,22,167,0,1.3399999,1.473497,1.2413292,1.7277899,1.4674441,1.7845922,1.600042
"2019-12-28","Valid",526,8.98734375000004,517.01265625,-17,33,0,1.3199999,1.4571259,1.217802,1.7055618,1.4274789,1.7664193,1.5551642
"2019-12-29","Valid",585,67.8556484375,517.1443515625,28,144,142,1.3,1.4801567,1.2684265,1.6970601,1.4796561,1.7778939,1.6620336
"2019-12-30","Valid",757,239.202372363281,517.797627636719,6,161,178,1.4499999,1.7513037,1.4330108,1.7379566,1.7372293,1.8508368,1.8172427
"2019-12-31","Valid",914,394.318993427734,519.681006572266,-33,17,38,2.31,2.2212167,1.748456,1.8664463,2.231177,2.0578463,2.3813179
"2020-01-01","Valid",866,342.777764237976,523.222235762024,-39,-17,0,2.08,2.2621517,1.9168546,1.995548,2.2767453,2.1175013,2.5425582
"2020-01-02","Valid",804,275.83936258865,528.16063741135,-44,44,0,1.8199999,2.0658407,1.8616204,2.005546,1.9108949,2.0476573,2.2090526
"2020-01-07","Valid",693,132.473586830434,560.526413169566,-44,56,0,1.53,1.612057,1.4469279,1.8436301,1.6359173,1.8609136,1.7257879
"2020-01-08","Valid",674,107.190802005948,566.809197994052,-56,50,0,1.5,1.5642825,1.420353,1.8287916,1.6227307,1.8225086,1.728934
"2020-01-09","Valid",644,71.3948096110992,572.605190388901,-72,-33,0,1.46,1.5319697,1.4017959,1.8057681,1.5820056,1.7918907,1.722897
"2020-01-10","Valid",648,70.0345738902668,577.965426109733,-39,94,5,1.5,1.5330588,1.4066825,1.7938235,1.551664,1.7578459,1.6887176
"2020-01-11","Valid",1020,436.536777723497,583.463222276503,39,139,599,1.62,1.4864265,1.381127,1.7980022,1.5807384,1.7446717,1.7332904
"2020-01-12","Valid",1520,929.197206503609,590.802793496391,-17,44,81,2.63,2.8137128,2.5880082,1.9057603,2.868991,2.0923238,3.1685824
"2020-01-13","Valid",1500,898.421801592011,601.578198407989,-11,17,0,2.76,2.8628688,2.50897,1.814276,2.8988554,2.0574229,3.1360946
"2020-01-14","Valid",1440,824.204723130569,615.795276869431,-11,17,0,2.51,2.490089,2.2141697,1.7966417,2.7105246,2.023395,2.8663402
"2020-01-15","Valid",1350,717.446271304388,632.553728695612,0,56,0,2.26,2.1843138,2.058848,1.7637017,2.5888672,2.00316,2.6586285
"2020-01-16","Valid",1270,619.057623184525,650.942376815475,-28,56,0,2.1100001,1.9900744,1.9437029,1.7628226,2.470973,1.985011,2.4573112
"2020-01-17","Valid",1190,520.702226723191,669.297773276809,-72,-28,0,2,1.8547096,1.8294837,1.7392249,2.2006316,1.9779136,2.2826781
"2020-01-18","Valid",1140,453.738440856587,686.261559143413,-72,33,196,1.84,1.7550719,1.7463559,1.7828408,2.1810262,1.9809113,2.1279044
"2020-01-19","Valid",1150,448.301902548074,701.698097451926,-156,44,0,1.84,1.9978212,2.009726,1.7848864,2.249681,1.9655035,2.294162
"2020-01-20","Valid",1090,374.392849212417,715.607150787583,-144,-67,0,1.88,1.7689823,1.8484079,1.8404539,2.237352,1.988409,2.110029
"2020-01-21","Valid",1020,291.99835616868,728.00164383132,-150,-39,0,1.75,1.698143,1.7357087,1.8377314,2.0367484,1.9692718,1.9441285
"2020-01-22","Valid",964,225.06892917141,738.93107082859,-72,-6,0,1.66,1.6552881,1.6544545,1.8995984,1.958893,1.9513721,1.8320038
"2020-01-23","Valid",921,172.456151269861,748.543848730139,-67,11,0,1.61,1.6317894,1.6356438,1.89435,1.7739053,1.907779,1.7742742
"2020-01-24","Valid",904,146.931620234143,757.068379765857,0,33,43,1.5699999,1.6259565,1.632387,1.9010768,1.785234,1.8839614,1.7802793
"2020-01-25","Valid",974,209.330427598497,764.669572401503,0,39,51,1.53,1.6971632,1.7083881,1.9340096,1.7682079,1.8375963,1.8673447
"2020-01-26","Valid",1040,268.599931503146,771.400068496854,-11,6,0,1.71,1.8077193,1.8398001,1.9670588,1.8707614,1.8489146,2.0316687
"2020-01-27","Valid",1050,272.741002730387,777.258997269613,-22,6,0,1.8199999,1.8090491,1.8798454,1.9394889,1.8974199,1.8856804,2.0952034
"2020-01-28","Valid",1040,257.773096092381,782.226903907619,-22,6,0,1.8,1.8099113,1.8385487,1.9768369,1.8829544,1.9022368,2.0486162
"2020-01-29","Valid",1010,223.719005886524,786.280994113476,-11,0,0,1.78,1.8069817,1.753242,1.9361546,1.8292938,1.9157772,1.9850916
"2020-01-31","Valid",941,149.399921163407,791.600078836593,-17,11,0,1.6899999,1.7728046,1.616812,1.9192282,1.7649952,1.9358047,1.9139401
"2020-02-01","Valid",920,127.085970682098,792.914029317902,-11,28,8,1.66,1.7460697,1.588105,1.9029067,1.7207142,1.9288926,1.8928361
"2020-02-02","Valid",917,123.57220515764,793.42779484236,6,44,0,1.74,1.7387741,1.5865337,1.8915147,1.7291687,1.9096149,1.8940669
"2020-02-03","Valid",919,133.745562058911,785.254437941089,-22,139,0,1.78,1.7264162,1.5924389,1.8912716,1.6852149,1.8971423,1.9076989
"2020-02-04","Valid",895,119.538783306931,775.461216693069,-17,128,0,1.73,1.7033606,1.5879349,1.8962977,1.6527786,1.918827,1.87885
"2020-02-05","Valid",864,96.9743603318171,767.025639668183,-22,28,0,1.63,1.6855983,1.5731319,1.8920321,1.6825668,1.9052627,1.8431697
"2020-02-06","Valid",845,85.066876034397,759.933123965603,-44,0,18,1.55,1.6716031,1.5628101,1.8549368,1.6216639,1.8723649,1.8380166
"2020-02-07","Valid",827,73.2344605777264,753.765539422274,-94,-33,3,1.53,1.6723938,1.5733143,1.8597237,1.6343653,1.8577381,1.8335094
"2020-02-08","Valid",805,56.2804979218663,748.719502078134,-78,0,0,1.52,1.6470714,1.5690367,1.8450274,1.6433864,1.8572314,1.8068024
"2020-02-09","Valid",789,44.1951328885041,744.804867111496,-39,17,0,1.5,1.612275,1.5659271,1.8392423,1.6011049,1.8339515,1.7905848
"2020-02-10","Valid",789,47.778522041626,741.221477958374,-33,17,23,1.54,1.5935714,1.5673603,1.8378586,1.5749552,1.8068006,1.7875837
"2020-02-11","Valid",791,53.6554968017579,737.344503198242,-22,17,0,1.51,1.6221405,1.5944232,1.8308153,1.6173149,1.7986939,1.7988303
"2020-02-12","Valid",784,50.6441181640625,733.355881835937,-61,28,0,1.53,1.6047057,1.6009741,1.8442419,1.6135236,1.7932217,1.8177114
"2020-02-13","Valid",779,49.5476953125001,729.4523046875,-56,17,71,1.56,1.5945224,1.5968485,1.8321775,1.587781,1.7896456,1.7881312
"2020-02-14","Valid",754,27.5515625,726.4484375,-206,-6,3,1.52,1.6822852,1.6441648,1.8394037,1.675214,1.7750251,1.7710786
"2020-02-15","Valid",730,4.8125,725.1875,-200,-6,0,1.5,1.6104319,1.5811841,1.8464303,1.5868754,1.7151002,1.6997577
"2020-02-16","Valid",725,0,725,-89,11,0,1.4499999,1.5752213,1.551727,1.8486141,1.5435984,1.6658022,1.661464
"2020-02-17","Valid",725,0,725,-50,28,0,1.4499999,1.5479647,1.539002,1.8527981,1.5415955,1.6781988,1.7177947
"2020-02-18","Valid",784,58.91703125,725.08296875,6,44,109,1.4499999,1.5412508,1.5302626,1.8529265,1.5591515,1.6954514,1.7341858
"2020-02-19","Valid",857,131.4949453125,725.5050546875,-67,28,0,1.66,1.7457987,1.6397759,1.8519208,1.8106232,1.7736605,1.864438
"2020-02-20","Valid",827,100.789138014516,726.210861985484,-72,-17,0,1.66,1.6988921,1.6516235,1.8883071,1.8260549,1.9126364,1.9032855
"2020-02-21","Valid",778,51.1104071887331,726.889592811267,-128,-39,0,1.5699999,1.6700821,1.6379377,1.863089,1.7042675,1.9373281,1.8395584
"2020-02-22","Valid",756,28.5482445802571,727.451755419743,-122,17,0,1.53,1.6373429,1.6110606,1.8557248,1.6544317,1.8780763,1.7649134
"2020-02-23","Valid",739,11.0965269977683,727.903473002232,-11,89,0,1.52,1.5909894,1.5862427,1.791436,1.6319895,1.8232582,1.7443031
"2020-02-24","Valid",734,5.71886074812403,728.281139251876,6,122,0,1.49,1.5478033,1.5547633,1.8505933,1.5748324,1.7971146,1.741075
"2020-02-25","Valid",767,38.3854540401913,728.614545959809,6,56,81,1.4499999,1.5359848,1.5297455,1.8330688,1.5521971,1.7742549,1.7263566
"2020-02-26","Valid",803,74.0961146520132,728.903885347987,-22,28,0,1.49,1.6903685,1.6454401,1.8353738,1.697562,1.7927971,1.7994096
"2020-02-27","Valid",804,74.8696700528401,729.13032994716,-61,28,5,1.5799999,1.6420958,1.6387104,1.7095373,1.6908356,1.8686185,1.8664329
"2020-02-28","Valid",786,56.7309694348464,729.269030565154,-117,28,0,1.5799999,1.632537,1.6371655,1.8430089,1.7727796,1.9020851,1.8232312
"2020-02-29","Valid",760,31.0702038013598,728.92979619864,-117,28,0,1.53,1.6084626,1.6078244,1.8062513,1.68611,1.8749506,1.766183
"2020-03-01","Valid",742,14.4360349885503,727.56396501145,-72,22,0,1.51,1.5827914,1.5879343,1.6754992,1.635953,1.818613,1.7251542
"2020-03-04","Valid",868,146.212507352447,721.787492647553,-6,106,0,1.77,1.6912553,1.7309824,1.7164443,1.721355,1.9710151,1.9496568
"2020-03-05","Valid",821,102.740716415652,718.259283584348,-33,67,0,1.62,1.6805664,1.6927812,1.8426678,1.6926116,1.9458836,1.8827236
"2020-03-06","Valid",789,74.9165041597629,714.083495840237,-6,122,3,1.5,1.6442485,1.6136726,1.8128777,1.6174659,1.9126037,1.8082398
"2020-03-07","Valid",758,48.009746125525,709.990253874475,-78,11,0,1.51,1.5953641,1.5473542,1.8486357,1.5942054,1.8272129,1.7652212
"2020-03-08","Valid",735,27.9699958113783,707.030004188622,-6,89,0,1.42,1.5860616,1.5157847,1.7905782,1.5779974,1.7703334,1.7116574
"2020-03-09","Valid",721,15.6702657420306,705.329734257969,50,167,0,1.4499999,1.5347916,1.5020897,1.8165777,1.5537035,1.7119004,1.729241
"2020-03-10","Valid",762,58.0031589103033,703.996841089697,28,172,97,1.42,1.507932,1.4918339,1.8193069,1.537157,1.6654516,1.6820477
"2020-03-11","Valid",799,96.6826929097873,702.317307090213,-22,33,0,1.47,1.6721708,1.6308045,1.8462096,1.664466,1.6984403,1.7690343
"2020-03-12","Valid",787,86.8756689607497,700.12433103925,11,33,0,1.48,1.622267,1.6075591,1.8659855,1.6840502,1.7898536,1.8204083
"2020-03-13","Valid",766,68.5832605662033,697.416739433797,0,144,0,1.46,1.6002669,1.5889503,1.856797,1.6337594,1.8080263,1.8097329
"2020-03-14","Valid",747,52.7109530805054,694.289046919495,0,94,0,1.4499999,1.556911,1.5382105,1.8620266,1.5715437,1.7923985,1.7287905
"2020-03-15","Valid",721,29.5168671875,691.4831328125,-33,33,23,1.36,1.547954,1.5149442,1.8155901,1.5652399,1.7572716,1.7186737
"2020-03-16","Valid",704,14.2209375,689.7790625,-22,72,0,1.42,1.56467,1.5156143,1.8222041,1.5711972,1.6951646,1.6776726
"2020-03-17","Valid",692,2.88750000000005,689.1125,-11,44,0,1.39,1.5158751,1.4885592,1.8222132,1.5221015,1.6611387,1.6884292
"2020-03-18","Valid",689,0,689,0,72,0,1.41,1.5092481,1.4907336,1.6338706,1.4995704,1.6484039,1.6713926
"2020-03-21","Valid",794,104.085550990849,689.914449009151,-39,56,0,1.66,1.7575455,1.7009523,1.7231117,1.7972629,1.8457474,1.9191545
"2020-03-22","Valid",758,67.4893839599182,690.510616040082,-50,50,0,1.6,1.6511775,1.6086284,1.8069191,1.6437666,1.8869485,1.7640147
"2020-03-23","Valid",751,60.003971799112,690.996028200888,-50,50,86,1.61,1.5841203,1.5469903,1.6924635,1.6168047,1.8518238,1.7354617
"2020-03-24","Valid",760,68.6498058659585,691.350194134042,-28,39,0,1.54,1.6739516,1.6169647,1.6920202,1.7461712,1.7981153,1.7268101
"2020-03-25","Valid",756,64.4444790532256,691.555520946774,-28,67,0,1.54,1.5813743,1.5680197,1.7664684,1.6458752,1.8247331,1.7877195
"2020-03-26","Valid",743,52.0076307644509,690.992369235549,11,150,0,1.4499999,1.5609676,1.5643046,1.6762494,1.60329,1.8368412,1.7636905
"2020-03-27","Valid",722,33.492931363305,688.507068636695,56,133,23,1.46,1.5303662,1.5354614,1.6644331,1.5712461,1.8195959,1.7264838
"2020-03-28","Valid",765,79.2739460684379,685.726053931562,61,133,99,1.4,1.5510578,1.551637,1.6733745,1.5490848,1.7777239,1.70726
"2020-03-29","Valid",897,214.672336121284,682.327663878716,94,189,107,1.66,1.7021147,1.805785,1.729091,1.7138926,1.8213847,1.8529286
"2020-03-30","Valid",872,194.137483623517,677.862516376483,50,106,0,1.62,1.8889153,2.0279179,1.8130904,1.9498329,1.9637923,2.183572
"2020-03-31","Valid",801,128.713264472108,672.286735527892,17,83,0,1.5,1.7299145,1.869086,1.8431144,1.6666629,1.9833084,1.9491416
"2020-04-01","Valid",776,110.141693550598,665.858306449402,17,61,0,1.51,1.611464,1.7235525,1.8167474,1.6164606,1.9026192,1.810941
"2020-04-02","Valid",742,82.761675390625,659.238324609375,-28,106,0,1.4,1.5720315,1.6601635,1.7773077,1.6172025,1.8302354,1.7982692
"2020-04-03","Valid",708,54.093703125,653.906296875,-22,150,0,1.39,1.5213417,1.5995473,1.7342881,1.5499256,1.766583,1.6858451
"2020-04-04","Valid",682,31.4256250000001,650.574375,39,200,3,1.28,1.4760791,1.5565269,1.6922126,1.4861807,1.6849148,1.6139342
"2020-04-05","Valid",666,17.325,648.675,0,50,0,1.35,1.4505594,1.5424714,1.6596324,1.4385915,1.6237019,1.5881535
"2020-04-06","Valid",648,0,648,-6,150,0,1.27,1.4713948,1.5420452,1.6626061,1.4345342,1.5735836,1.6200554
"2020-04-07","Valid",744,95.865,648.135,33,183,183,1.39,1.4381143,1.5223842,1.6257213,1.4153297,1.5181468,1.586899
"2020-04-08","Valid",897,248.13009375,648.86990625,111,261,61,1.37,1.7452141,1.9003841,1.7126707,1.7915256,1.722315,1.8545034
"2020-04-09","Valid",930,279.921942617962,650.078057382038,39,239,33,1.52,1.8073498,1.994349,1.8037887,1.879271,1.8700197,2.031376
"2020-04-10","Valid",857,205.827587985039,651.172412014961,-11,100,0,1.46,1.7494807,1.90477,1.821441,1.7463617,1.8933411,1.9564679
"2020-04-11","Valid",793,141.012948385148,651.987051614852,0,94,0,1.43,1.6275221,1.7209846,1.8084481,1.6555042,1.8286332,1.7699286
"2020-04-12","Valid",763,110.533822211413,652.466177788587,0,183,28,1.29,1.5532736,1.6086713,1.7854507,1.5806271,1.7444787,1.6763096
"2020-04-13","Valid",737,85.4110918051367,651.588908194863,0,183,13,1.31,1.5262101,1.5742588,1.7511022,1.5757446,1.6767555,1.6063155
"2020-04-14","Valid",701,54.0333601112058,646.966639888794,-22,72,0,1.26,1.491566,1.5354061,1.7355875,1.510938,1.6277665,1.5471045
"2020-04-15","Valid",683,39.6847136337359,643.315286366264,-39,56,0,1.28,1.4812105,1.5059242,1.7360247,1.4707445,1.5794472,1.539478
"2020-04-16","Valid",676,35.6186093337685,640.381390666231,-39,22,8,1.3299999,1.4716022,1.4962542,1.7316527,1.4664351,1.5560027,1.5699652
"2020-04-17","Valid",674,36.4255236040741,637.574476395926,-17,72,38,1.23,1.4827322,1.5211518,1.7229608,1.4836508,1.5633837,1.5738982
"2020-04-18","Valid",682,47.391106598999,634.608893401001,-22,28,0,1.3399999,1.5035652,1.5786204,1.7845141,1.5249912,1.5898257,1.582449
"2020-04-19","Valid",681,49.6311963232423,631.368803676758,28,128,0,1.22,1.4924117,1.5930403,1.7182118,1.5009966,1.6373304,1.6128849
"2020-04-20","Valid",661,32.5948068359376,628.405193164062,-22,150,0,1.22,1.4749966,1.5966934,1.708268,1.4949001,1.6839975,1.6123064
"2020-04-21","Valid",653,26.9133046875,626.0866953125,-6,178,5,1.14,1.4547299,1.5577934,1.6943998,1.4363166,1.6536634,1.5107701
"2020-04-22","Valid",640,15.5684375000001,624.4315625,-6,89,0,1.16,1.4416664,1.5348486,1.6820621,1.4438807,1.6323198,1.5433792
"2020-04-23","Valid",634,10.5875000000001,623.4125,33,150,0,1.19,1.443919,1.5343785,1.6742444,1.4214092,1.6259586,1.5402716
"2020-04-24","Valid",623,0,623,56,156,0,1.2,1.426951,1.5323589,1.6614859,1.4213822,1.6371056,1.57335
"2020-04-25","Valid",639,15.9775000000001,623.0225,50,139,84,1.22,1.4206729,1.5280179,1.6512448,1.4110779,1.6387085,1.5178354
"2020-04-26","Valid",823,199.632125,623.367875,61,100,264,1.23,1.5083442,1.6479149,1.6685587,1.5440092,1.6494987,1.5767996
"2020-04-27","Valid",899,274.3655578125,624.6344421875,-6,144,0,1.42,2.0121353,2.317059,1.8136638,2.0963755,1.910799,2.246519
"2020-04-28","Valid",912,284.82713875,627.17286125,17,194,196,1.3299999,1.7682049,2.086352,1.9021661,1.8608426,1.9828889,1.9183104
"2020-04-29","Valid",1060,428.86320753418,631.13679246582,122,239,180,1.3299999,2.0214312,2.2836604,1.8727401,2.0331647,1.9673945,2.2380958
"2020-04-30","Valid",1270,632.972025845264,637.027974154736,44,144,147,1.67,2.210728,2.392567,1.9009085,2.2567368,1.9054571,2.318986
"2020-05-01","Valid",1240,595.034891227028,644.965108772972,11,78,5,1.77,2.2638998,2.3434584,1.9094882,2.4423428,1.8383907,2.5704741
"2020-05-02","Valid",1150,496.610985875262,653.389014124738,11,189,0,1.5699999,1.8515053,2.0043597,1.9843767,2.2460616,1.8402112,2.2469928
"2020-05-03","Valid",1060,399.059202284006,660.940797715994,122,267,0,1.38,1.6401336,1.6990168,2.0190144,1.8918955,1.780333,1.8993844
"2020-05-04","Valid",972,304.474293559833,667.525706440167,56,206,0,1.27,1.5668052,1.5651997,2.016479,1.6007801,1.6501743,1.7504239
"2020-05-05","Valid",905,231.906947741781,673.093052258219,61,156,10,1.26,1.524625,1.4785838,1.9889227,1.5922464,1.6215281,1.671751
"2020-05-06","Valid",858,180.372915794858,677.627084205142,22,83,5,1.2,1.5044312,1.4576216,1.963555,1.5589948,1.6043587,1.6427335
"2020-05-07","Valid",815,133.81606192922,681.18393807078,44,139,0,1.26,1.4981142,1.4363315,1.9509546,1.5705243,1.6052573,1.5967894
"2020-05-08","Valid",789,105.082111366751,683.917888633249,50,183,0,1.2,1.4570969,1.4143577,1.9395387,1.5335068,1.5831897,1.546202
"2020-05-09","Valid",753,66.9719709409723,686.028029059028,-33,72,0,1.21,1.4404652,1.4121287,1.9209857,1.5193261,1.5584338,1.5251209
"2020-05-10","Valid",736,48.2979776357802,687.70202236422,50,133,0,1.1800001,1.4603324,1.3935894,1.9023216,1.4835091,1.5272847,1.4808403
"2020-05-11","Valid",739,49.9437038736435,689.056296126357,22,139,76,1.25,1.429355,1.4067917,1.8845938,1.460965,1.5182687,1.5515908
"2020-05-12","Valid",720,29.8509163174953,690.149083682505,0,83,0,1.1800001,1.4939071,1.4858437,1.8731759,1.5512313,1.4946289,1.4801707
"2020-05-13","Valid",702,10.9367850936831,691.063214906317,28,161,0,1.19,1.4500362,1.4384527,1.8809265,1.462748,1.5096952,1.4766486
"2020-05-14","Valid",718,26.0940262116568,691.905973788343,78,206,30,1.15,1.4205227,1.4299161,1.8574208,1.4631355,1.5163258,1.481641
"2020-05-15","Valid",982,288.877411745783,693.122588254217,122,206,526,1.3299999,1.4472365,1.4747242,1.8380985,1.5179094,1.5479673,1.5517963
"2020-05-16","Valid",1180,484.304323052349,695.695676947651,117,222,8,1.8,2.3245893,2.3673806,1.9216743,2.2681363,1.959397,2.242797
"2020-05-17","Valid",1130,429.72726222186,700.27273777814,128,244,28,1.63,1.9362682,1.9579707,2.0375443,2.2299883,1.982338,2.1211474
"2020-05-18","Valid",1210,503.210986198776,706.789013801224,144,194,211,1.55,1.6879745,1.8218483,2.0697906,1.6816242,1.8914261,1.9323944
"2020-05-19","Valid",1260,544.898881313428,715.101118686572,139,194,33,1.79,1.9491715,2.1388893,2.0215788,2.1574416,1.8320673,2.1662898
"2020-05-20","Valid",1190,466.093050240156,723.906949759844,117,183,3,1.63,1.6763393,1.9412105,2.0973716,1.8751305,1.7869248,2.1021118
"2020-05-21","Valid",1110,378.126189695145,731.873810304855,122,172,0,1.4499999,1.5259209,1.755988,2.1323621,1.548716,1.7359104,1.8849822
"2020-05-22","Valid",1040,301.081262742836,738.918737257164,139,206,0,1.3,1.4627028,1.6611838,2.1326065,1.5889683,1.6943378,1.779033
"2020-05-23","Valid",983,238.004088188418,744.995911811582,128,211,0,1.25,1.4194123,1.6180797,2.096424,1.5218633,1.6493809,1.7032129
"2020-05-24","Valid",1240,489.928090282026,750.071909717974,144,272,277,1.52,1.4002944,1.5930444,2.0835066,1.4926255,1.6193118,1.6477952
"2020-05-25","Valid",1290,535.920568885441,754.079431114559,178,317,0,1.77,1.8349366,2.139789,2.0314221,2.0434823,1.5074447,2.155206
"2020-05-26","Valid",1180,423.090944438382,756.909055561618,183,306,0,1.52,1.4997866,1.836969,2.117243,1.710415,1.4792879,1.9105368
"2020-05-27","Valid",1090,331.545024847995,758.454975152005,189,311,0,1.3,1.3735511,1.6856165,2.137689,1.4662478,1.4598365,1.7057784
"2020-05-28","Valid",1020,267.709173978719,752.290826021281,183,311,0,1.21,1.3337605,1.6108743,2.1335292,1.4720455,1.4537654,1.638925
"2020-05-29","Valid",1030,296.938333141508,733.061666858492,144,261,86,1.25,1.3216424,1.5693933,2.1213732,1.4542408,1.4525131,1.599082
"2020-05-30","Valid",993,280.901745681508,712.098254318492,106,233,0,1.3,1.3791999,1.6500633,2.0885043,1.569573,1.430239,1.7780111
"2020-05-31","Valid",928,236.017509121655,691.982490878345,83,206,0,1.24,1.3099512,1.5223937,2.1336536,1.4842817,1.4546344,1.6248952
"2020-06-01","Valid",874,198.964874726114,675.035125273886,67,194,0,1.21,1.3134433,1.4512913,2.1416159,1.4589682,1.4757366,1.5326037
"2020-06-02","Valid",844,183.880945649853,660.119054350147,122,233,0,1.22,1.3091625,1.4061223,2.1249561,1.4448609,1.4888612,1.5072957
"2020-06-03","Valid",823,176.938860162003,646.061139837997,122,339,0,1.1800001,1.3022456,1.405642,2.101355,1.4412377,1.4850485,1.5118903
"2020-06-04","Valid",801,168.393362337301,632.606637662699,183,278,0,1.17,1.2935249,1.4060017,2.0652125,1.4247898,1.4664067,1.4760268
"2020-06-05","Valid",793,173.722553878163,619.277446121837,178,267,0,1.1800001,1.3276079,1.4410652,2.0389087,1.4452035,1.4765981,1.5343604
"2020-06-06","Valid",764,157.632490679095,606.367509320905,183,317,0,1.15,1.351191,1.4669267,2.0341618,1.4613986,1.4872947,1.5688322
"2020-06-07","Valid",734,139.197287220643,594.802712779357,111,267,0,1.15,1.3599837,1.4681561,2.0154278,1.4453359,1.4869077,1.5247897
"2020-06-08","Valid",710,125.510580779074,584.489419220926,150,283,0,1.16,1.3711008,1.4605538,1.9984901,1.4518565,1.4949539,1.4871813
"2020-06-09","Valid",696,121.119546788187,574.880453211813,144,306,0,1.19,1.3727431,1.4562734,1.9766064,1.4257388,1.4956394,1.5003352
"2020-06-10","Valid",709,143.959814095338,565.040185904662,222,311,46,1.19,1.3807456,1.4572651,1.9469292,1.4267734,1.4969175,1.4864814
"2020-06-11","Valid",701,146.643587028744,554.356412971256,144,294,25,1.22,1.4289784,1.5356266,1.9371036,1.543484,1.5220331,1.5722857
"2020-06-12","Valid",660,115.714388848642,544.285611151358,122,267,0,1.22,1.422048,1.5281694,1.9441915,1.5075337,1.5286208,1.5110224
"2020-06-13","Valid",638,102.204744701234,535.795255298766,122,283,43,1.26,1.4062252,1.4813465,1.9404358,1.4434707,1.5239395,1.4545622
"2020-06-14","Valid",626,98.0051294067399,527.99487059326,83,222,0,1.21,1.4091799,1.4878815,1.9056531,1.4833701,1.5160326,1.4308856
"2020-06-15","Valid",609,88.2623020613404,520.73769793866,78,228,0,1.26,1.3972502,1.4422711,1.8990165,1.4165366,1.5076787,1.4400892
"2020-06-16","Valid",589,74.607894120368,514.392105879632,128,256,0,1.23,1.3884244,1.4109904,1.8747199,1.3934668,1.493578,1.4330256
"2020-06-17","Valid",572,62.9679936436411,509.032006356359,150,283,0,1.23,1.377754,1.3853103,1.8306748,1.3924851,1.4746122,1.4205163
"2020-06-18","Valid",549,44.1410742093417,504.858925790658,139,294,0,1.22,1.3711313,1.3720088,1.7806787,1.3874348,1.4553561,1.412847
"2020-06-19","Valid",536,34.1930531992883,501.806946800712,161,306,0,1.27,1.3595321,1.3578088,1.7199186,1.3619589,1.4342719,1.3644685
"2020-06-20","Valid",518,18.2357331884198,499.76426681158,183,306,0,1.27,1.3535476,1.3550621,1.6586838,1.3843666,1.4228611,1.3837388
"2020-06-21","Valid",507,8.26836020369711,498.731639796303,178,311,13,1.3,1.3475534,1.3510131,1.600881,1.380994,1.4255779,1.3494416
"2020-06-22","Valid",625,127.118159679673,497.881840320327,167,244,20,1.86,1.3425504,1.3517336,1.5500878,1.4012285,1.4418766,1.3376334
"2020-06-23","Valid",728,231.718170937484,496.281829062516,172,294,150,2.02,1.419033,1.4702564,1.6413532,1.6962284,1.5377136,1.6856049
"2020-06-24","Valid",722,228.561569721266,493.438430278734,150,239,0,1.8,1.6191345,1.6650441,1.7989101,1.8990037,1.6070651,1.9101095
"2020-06-25","Valid",679,189.738619942543,489.261380057457,133,239,38,1.4,1.5116383,1.5527744,1.9113461,1.7333376,1.6310567,1.5410833
"2020-06-26","Valid",644,160.081648258065,483.918351741935,133,278,0,1.3,1.5025796,1.5450674,1.9416306,1.6995018,1.6115538,1.5802147
"2020-06-27","Valid",682,204.509125785967,477.490874214033,189,294,122,1.27,1.444901,1.4763118,1.9343648,1.5818458,1.5757886,1.5186471
"2020-06-28","Valid",692,222.137672322027,469.862327677973,189,272,0,1.3,1.569596,1.613521,1.9300067,1.751722,1.6067203,1.7355555
"2020-06-29","Valid",640,179.022799297883,460.977200702117,206,294,33,1.23,1.4941847,1.542411,1.9706445,1.6579666,1.6322337,1.5984849
"2020-06-30","Valid",605,154.022423026226,450.977576973774,211,306,0,1.25,1.4892281,1.5366919,1.9559687,1.6157119,1.6221808,1.5546561
"2020-07-01","Valid",564,123.06994281601,440.93005718399,178,306,0,1.22,1.445788,1.499254,1.9275563,1.5495055,1.6100677,1.5360729
"2020-07-02","Valid",526,93.5080462875783,432.491953712422,172,306,0,1.2,1.4127254,1.4757644,1.8727638,1.4843634,1.5880023,1.4585587
"2020-07-03","Valid",499,72.9951851757603,426.00481482424,183,311,0,1.19,1.3817759,1.4482185,1.788279,1.4397345,1.5584443,1.4132962
"2020-07-04","Valid",481,60.183983973795,420.816016026205,183,311,0,1.15,1.3597049,1.4251151,1.6868063,1.4214066,1.5364074,1.3974421
"2020-07-05","Valid",471,54.6583610527513,416.341638947249,194,317,0,1.15,1.3445886,1.4059451,1.5836409,1.4172136,1.5239161,1.3853402
"2020-07-06","Valid",459,46.603633570542,412.396366429458,172,306,0,1.2,1.3393111,1.390649,1.4905177,1.4296114,1.5225552,1.3995965
"2020-07-07","Valid",445,35.8147389951806,409.185261004819,211,328,0,1.21,1.3321108,1.3696197,1.4051809,1.426914,1.5204408,1.368463
"2020-07-08","Valid",459,52.7399205353303,406.26007946467,206,317,41,1.25,1.3350983,1.345298,1.3305472,1.4209849,1.5331509,1.3911278
"2020-07-09","Valid",465,61.973655646303,403.026344353697,200,311,0,1.27,1.3701804,1.3703483,1.3076503,1.488824,1.5925626,1.3956399
"2020-07-10","Valid",477,77.5933792037736,399.406620796226,194,311,69,1.3399999,1.3789821,1.362151,1.27247,1.4679781,1.6519969,1.4594927
"2020-07-11","Valid",499,103.70015709424,395.29984290576,178,272,58,1.3199999,1.4518881,1.4355953,1.2771646,1.5470288,1.7121708,1.4366748
"2020-07-12","Valid",480,89.3752129670363,390.624787032964,178,272,0,1.22,1.4921587,1.4832959,1.2837687,1.5891705,1.7793938,1.4932342
"2020-07-13","Valid",452,66.4481712849664,385.551828715034,144,256,10,1.23,1.4702609,1.4575406,1.2594066,1.5206763,1.7908078,1.4708034
"2020-07-14","Valid",431,49.984509497261,381.015490502739,128,256,0,1.25,1.4630055,1.4578176,1.2417411,1.495746,1.7603365,1.4138763
"2020-07-15","Valid",412,34.2670372943362,377.732962705664,161,278,0,1.22,1.4423456,1.4441159,1.2136822,1.4539095,1.7236171,1.4170038
"2020-07-16","Valid",493,118.168587615499,374.831412384501,200,289,282,1.27,1.4403595,1.4346032,1.1813601,1.4318224,1.7041982,1.4111726
"2020-07-17","Valid",530,158.721838807296,371.278161192704,178,244,0,1.3,1.809298,1.7760344,1.2521561,1.6075578,1.7207053,1.7159934
"2020-07-18","Valid",488,121.120189018867,366.879810981133,200,294,0,1.27,1.612398,1.596633,1.258628,1.5506083,1.8042731,1.5910331
"2020-07-19","Valid",463,101.280925515012,361.719074484988,233,306,0,1.2,1.5753902,1.5519464,1.2314467,1.5222188,1.6899893,1.4838388
"2020-07-20","Valid",469,113.10468790956,355.89531209044,189,267,147,1.24,1.5692598,1.5302583,1.2125188,1.4846382,1.5927666,1.5462162
"2020-07-21","Valid",448,98.5752017846388,349.424798215361,189,272,0,1.24,1.700959,1.6611989,1.2305098,1.5693588,1.5528913,1.5184754
"2020-07-22","Valid",443,100.669483778678,342.330516221322,200,256,89,1.24,1.5414041,1.5225801,1.1994342,1.435932,1.4960961,1.4475379
"2020-07-23","Valid",429,94.031409157625,334.968590842375,183,289,0,1.25,1.5870286,1.570839,1.2085829,1.5267054,1.4621654,1.4950246
"2020-07-24","Valid",410,81.8853071974324,328.114692802568,161,261,0,1.29,1.4991915,1.4863763,1.167728,1.419642,1.4119742,1.4387857
"2020-07-25","Valid",392,69.794926699927,322.205073300073,172,289,0,1.28,1.4697171,1.4691372,1.1552429,1.4348714,1.3772128,1.4611806
"2020-07-26","Valid",372,54.6431639999211,317.356836000079,194,300,0,1.26,1.4546906,1.4422828,1.1173164,1.4053559,1.349439,1.4354775
"2020-07-27","Valid",361,47.6277448647795,313.372255135221,217,311,15,1.24,1.4408664,1.4152143,1.0921063,1.3834944,1.3224162,1.4127288
"2020-07-28","Valid",349,39.0029674213832,309.997032578617,167,272,20,1.25,1.4396975,1.4001466,1.0787436,1.3700185,1.3023001,1.4115689
"2020-07-29","Valid",335,27.5978026177116,307.402197382288,178,289,0,1.21,1.4077519,1.3972633,1.0796423,1.3842797,1.2815698,1.343156
"2020-07-30","Valid",317,11.1057325596882,305.894267440312,194,306,0,1.21,1.3921679,1.3704929,1.0637119,1.3620212,1.2680867,1.393088
"2020-07-31","Valid",311,5.76295411858183,305.237045881418,161,261,0,1.21,1.3836504,1.3490819,1.0598831,1.3362066,1.2516806,1.360347
"2020-08-01","Valid",315,10.2363017498182,304.763698250182,167,267,0,1.22,1.3638091,1.3505647,1.0749123,1.3603694,1.243803,1.3508316
"2020-08-02","Valid",388,83.8767958106143,304.123204189386,167,222,234,1.24,1.3647788,1.3524245,1.076079,1.3586136,1.2411226,1.3942573
"2020-08-03","Valid",484,181.062317683772,302.937682316228,156,256,0,1.22,1.5069343,1.5526084,1.0852245,1.55352,1.2887194,1.6030071
"2020-08-04","Valid",442,141.139096894196,300.860903105804,144,256,0,1.2,1.4972647,1.5140021,1.1332548,1.5378006,1.3310566,1.7243683
"2020-08-05","Valid",402,104.077194937085,297.922805062915,100,211,0,1.28,1.4949983,1.5043181,1.1229882,1.4798982,1.3210347,1.3973345
"2020-08-06","Valid",385,90.683161057294,294.316838942706,111,228,0,1.29,1.4459134,1.4829724,1.136618,1.4389569,1.3103765,1.4375159
"2020-08-07","Valid",370,79.8436193731216,290.156380626878,122,244,0,1.3,1.4210296,1.455194,1.1191324,1.4205313,1.3031943,1.4381381
"2020-08-08","Valid",356,70.4911334824344,285.508866517566,122,267,0,1.26,1.402368,1.431492,1.1121345,1.3999854,1.2868571,1.4020612
"2020-08-09","Valid",331,49.8720590351459,281.127940964854,189,283,0,1.2,1.3868343,1.4094772,1.0962806,1.3843706,1.2623439,1.393951
"2020-08-10","Valid",318,40.388712470428,277.611287529572,217,300,5,1.2,1.382221,1.381028,1.0613176,1.348041,1.2408109,1.3602355
"2020-08-15","Valid",308,51.7542713903672,256.245728609633,161,300,0,1.17,1.3767841,1.3790102,1.1002171,1.3633426,1.179604,1.3643183
"2020-08-16","Valid",303,50.7478609625591,252.252139037441,189,294,0,1.12,1.3637171,1.3566883,1.1027323,1.341886,1.159908,1.3690342
"2020-08-17","Valid",298,49.6598496892531,248.340150310747,161,267,0,1.16,1.3615341,1.3486979,1.1213548,1.3329918,1.1459504,1.3847843
"2020-08-18","Valid",289,44.3214591235169,244.678540876483,144,278,0,1.24,1.3495007,1.3518776,1.0951186,1.3485256,1.1486908,1.3605711
"2020-08-19","Valid",270,28.1448206740723,241.855179325928,89,244,0,1.21,1.3412883,1.3435228,1.2454926,1.3422799,1.1437889,1.354809
"2020-08-20","Valid",268,28.3457520800781,239.654247919922,89,256,0,1.21,1.323947,1.3334079,1.1606295,1.3493239,1.1637084,1.2841862
"2020-08-21","Valid",264,26.481894140625,237.518105859375,89,278,0,1.23,1.3200475,1.3237252,1.1823976,1.3372917,1.1631783,1.320888
"2020-08-22","Valid",261,25.507453125,235.492546875,144,289,0,1.26,1.3142166,1.3135754,1.190111,1.3279986,1.1584971,1.2972084
"2020-08-23","Valid",261,27.575625,233.424375,161,294,0,1.23,1.3159611,1.3070908,1.1942526,1.3109378,1.1384414,1.3099229
"2020-08-24","Valid",249,17.325,231.675,200,300,0,1.23,1.3179315,1.3067514,1.2079668,1.3071651,1.1242294,1.3171716
"2020-08-25","Valid",231,0,231,206,328,0,1.28,1.3213615,1.296873,1.2095374,1.284496,1.1031276,1.298854
"2020-08-26","Valid",233,1.9971875,231.0028125,200,300,0,1.24,1.3168073,1.2798293,1.2090414,1.2630818,1.0848997,1.2779875
"2020-08-27","Valid",235,3.983546875,231.016453125,217,322,0,1.21,1.3126489,1.2818385,1.2147299,1.285182,1.0861022,1.2952343
"2020-08-28","Valid",251,19.9297806640625,231.070219335938,228,322,0,1.25,1.3192987,1.278202,1.2203243,1.2632735,1.0704528,1.3178529
"2020-08-29","Valid",290,58.7393281835937,231.260671816406,189,311,5,1.5699999,1.330178,1.2867112,1.2305518,1.2719195,1.06425,1.367225
"2020-08-30","Valid",307,75.2769010589599,231.72309894104,122,250,0,1.52,1.3409017,1.321142,1.2440068,1.3339751,1.074224,1.4560214
"2020-08-31","Valid",302,69.4887417819885,232.511258218011,128,244,0,1.49,1.3410428,1.3573391,1.2635999,1.3913686,1.1197705,1.4088085
"2020-09-01","Valid",290,56.4333425781062,233.566657421894,128,278,0,1.41,1.3457986,1.3629311,1.275984,1.37303,1.125305,1.3934792
"2020-09-02","Valid",296,61.1875665822825,234.812433417718,194,278,53,1.36,1.3407602,1.348426,1.2602646,1.3512787,1.1217325,1.362401
"2020-09-03","Valid",294,57.7887194338305,236.21128056617,194,272,0,1.36,1.3462895,1.3662934,1.3027018,1.3505094,1.0867913,1.344631
"2020-09-04","Valid",281,43.2822380456209,237.717761954379,111,306,0,1.4,1.3451753,1.3447361,1.3059158,1.3407285,1.1013588,1.3524973
"2020-09-05","Valid",272,32.7441673188275,239.255832681172,111,306,0,1.5699999,1.3338847,1.3327322,1.2742774,1.3478792,1.1111981,1.3311222
"2020-09-06","Valid",270,29.2341258620465,240.765874137953,111,294,0,1.42,1.3266603,1.3172995,1.2672471,1.3350651,1.1116102,1.3123486
"2020-09-07","Valid",278,35.7635921826142,242.236407817386,128,261,38,1.37,1.3220547,1.313669,1.267739,1.3340821,1.1144761,1.3163131
"2020-09-08","Valid",315,71.2634153471228,243.736584652877,150,250,211,1.36,1.3168054,1.3378693,1.2917343,1.3559538,1.1062324,1.2865095
"2020-09-09","Valid",375,129.546626080928,245.453373919072,144,244,119,1.37,1.3572959,1.464591,1.3387145,1.467638,1.0643963,1.3880355
"2020-09-10","Valid",372,124.437592243335,247.562407756665,150,233,3,1.28,1.3601185,1.4722124,1.3525097,1.4804924,1.1030103,1.4870496
"2020-09-11","Valid",348,97.9626199596752,250.037380040325,144,183,0,1.31,1.3882986,1.4172853,1.3695718,1.41526,1.1301979,1.4184359
"2020-09-12","Valid",336,83.4233622778752,252.576637722125,150,228,0,1.3299999,1.3924546,1.4092866,1.3926828,1.4143336,1.1468782,1.38364
"2020-09-13","Valid",332,77.0738683008015,254.926131699199,150,233,38,1.3299999,1.3846039,1.3871809,1.3846793,1.3893316,1.137057,1.4087026
"2020-09-14","Valid",322,64.9454718980662,257.054528101934,106,222,0,1.3199999,1.3750501,1.3983638,1.3807006,1.3970383,1.1240565,1.3294073
"2020-09-15","Valid",315,56.0413482978634,258.958651702137,106,222,0,1.3199999,1.3570738,1.3702533,1.3795253,1.3814589,1.1299415,1.331181
"2020-09-16","Valid",304,43.3610650171173,260.638934982883,106,228,0,1.35,1.3532442,1.359421,1.393093,1.3698903,1.1258826,1.3486413
"2020-09-17","Valid",296,33.8987679155215,262.101232084479,106,217,0,1.3,1.3434837,1.3471994,1.3734848,1.3563561,1.1197647,1.3143783
"2020-09-18","Valid",290,26.634988769123,263.365011230877,78,211,0,1.29,1.3360577,1.3403978,1.3650244,1.3515193,1.1163076,1.3123322
"2020-09-19","Valid",286,21.5362196895638,264.463780310436,22,167,0,1.28,1.3291054,1.3338685,1.3633999,1.3505756,1.1125506,1.300816
"2020-09-20","Valid",281,15.5668938378465,265.433106162153,22,178,0,1.3299999,1.3292794,1.3294444,1.3832358,1.3581469,1.1177052,1.2882388
"2020-09-22","Valid",285,17.8804704150074,267.119529584993,56,233,0,1.36,1.3116409,1.3125306,1.3452507,1.3350923,1.112155,1.2745063
"2020-09-23","Valid",286,18.0938726338819,267.906127366118,78,244,0,1.36,1.309056,1.3142264,1.3407856,1.3359945,1.1166553,1.2969221
"2020-09-24","Valid",280,11.3384547301518,268.661545269848,100,244,0,1.36,1.3098269,1.312918,1.3250703,1.3308074,1.1270664,1.288595
"2020-09-25","Valid",280,10.6359092126585,269.364090787342,100,256,0,1.3299999,1.3109759,1.3072095,1.3189174,1.3256652,1.1398094,1.2809913
"2020-09-26","Valid",278,7.98761956516614,270.012380434834,100,267,0,1.3199999,1.3122188,1.3045683,1.3112812,1.3255197,1.1473436,1.2962607
"2020-09-27","Valid",281,10.3843293477787,270.615670652221,100,228,0,1.27,1.3125874,1.3009429,1.3064567,1.323994,1.1488979,1.2909144
"2020-09-28","Valid",290,18.8012898029453,271.198710197055,100,261,66,1.23,1.3167468,1.3069923,1.3169341,1.3344228,1.1539102,1.2987707
"2020-09-29","Valid",298,26.1980755872556,271.801924412744,61,156,43,1.3,1.3175739,1.3437105,1.3307886,1.3636512,1.1554959,1.2482228
"2020-09-30","Valid",297,24.5472424987779,272.452757501222,61,156,0,1.3299999,1.3215662,1.349666,1.3630326,1.3918184,1.1568751,1.2386048
"2020-10-01","Valid",308,34.8354201983935,273.164579801607,56,194,0,1.26,1.3339942,1.326295,1.3662753,1.3666203,1.1527377,1.2998719
"2020-10-02","Valid",333,59.0107305040111,273.989269495989,56,150,152,1.3299999,1.3389051,1.3288538,1.3700957,1.3596966,1.1554116,1.3360869
"2020-10-03","Valid",347,71.9886387751701,275.01136122483,28,111,3,1.26,1.3928417,1.4748273,1.4108527,1.4670523,1.1834526,1.3304974
"2020-10-04","Valid",348,71.7274566965702,276.27254330343,78,144,135,1.24,1.369863,1.3957162,1.4330028,1.4066067,1.2029235,1.3188183
"2020-10-05","Valid",365,87.22239083665,277.77760916335,11,117,28,1.26,1.4437213,1.502447,1.4418833,1.4765456,1.2284166,1.3599375
"2020-10-06","Valid",351,71.4875866617995,279.5124133382,17,156,0,1.25,1.4094135,1.4336431,1.4662102,1.4281982,1.2375457,1.3925354
"2020-10-07","Valid",342,60.5940959147205,281.40590408528,100,222,0,1.27,1.4033046,1.3682493,1.4704247,1.3931179,1.2144521,1.3792869
"2020-10-08","Valid",328,44.6401673547307,283.359832645269,50,222,0,1.26,1.3933365,1.3394364,1.4496522,1.3632323,1.2041712,1.3624136
"2020-10-09","Valid",321,35.7073925392191,285.292607460781,50,211,0,1.3,1.3688431,1.3145247,1.4389454,1.3458445,1.1780623,1.3211083
"2020-10-10","Valid",319,31.8457767546639,287.154223245336,94,272,0,1.29,1.3562655,1.3021431,1.4285718,1.3423454,1.1586719,1.3305141
"2020-10-11","Valid",318,29.0723930047589,288.927606995241,122,250,0,1.22,1.3494022,1.2959872,1.3972309,1.330805,1.1552023,1.3401777
"2020-10-12","Valid",312,21.3985405730946,290.601459426905,122,233,0,1.24,1.3490047,1.2982378,1.3898556,1.332092,1.1664252,1.3305342
"2020-10-13","Valid",327,34.8164525455281,292.183547454472,39,217,38,1.27,1.3464859,1.2983693,1.3878707,1.3336141,1.1672662,1.3286322
"2020-10-14","Valid",328,34.2866234313731,293.713376568627,39,200,0,1.22,1.3512433,1.3317395,1.3983786,1.3757818,1.1477621,1.3241823
"2020-10-15","Valid",325,29.8278610632913,295.172138936709,50,244,0,1.23,1.3490828,1.3157651,1.4013274,1.3572985,1.137671,1.3275484
"2020-10-16","Valid",317,20.4822439700698,296.51775602993,-6,117,0,1.27,1.3472011,1.3083105,1.3874196,1.3434393,1.1277068,1.3389921
"2020-10-17","Valid",313,15.2437193356739,297.756280664326,0,133,0,1.29,1.35559,1.3008486,1.4198347,1.36037,1.1069603,1.2988601
"2020-10-18","Valid",317,18.0948153854984,298.905184614502,61,167,5,1.29,1.3513691,1.2871923,1.4178711,1.36006,1.0923157,1.3295379
"2020-10-19","Valid",323,23.007188606586,299.992811393414,50,161,33,1.3,1.3418747,1.2782326,1.3961526,1.3498907,1.1116178,1.3232111
"2020-10-20","Valid",326,24.951391257967,301.048608742033,33,94,0,1.24,1.346545,1.2916282,1.3909959,1.3671119,1.1153953,1.3052166
"2020-10-21","Valid",328,25.9090793257288,302.090920674271,33,133,56,1.29,1.353381,1.2730403,1.4090267,1.3692137,1.1282926,1.3449767
"2020-10-22","Valid",361,57.8279188575004,303.1720811425,83,133,155,1.26,1.3691137,1.3014765,1.3942837,1.3880893,1.1118003,1.3294064
"2020-10-23","Valid",389,84.584600138299,304.415399861701,111,250,0,1.24,1.4601171,1.4245036,1.4027687,1.4977072,1.1762266,1.4547338
"2020-10-24","Valid",383,77.1744016539212,305.825598346079,39,211,36,1.3,1.4305922,1.3501608,1.3838742,1.4069039,1.2057574,1.418844
"2020-10-25","Valid",366,58.7833498126272,307.216650187373,22,83,0,1.28,1.4405334,1.3560017,1.4120575,1.4137989,1.2007616,1.3208678
"2020-10-26","Valid",357,48.5307415551965,308.469258444803,50,89,0,1.29,1.4154813,1.320478,1.455723,1.3884847,1.191028,1.3994036
"2020-10-27","Valid",346,36.4236760701413,309.576323929859,33,78,0,1.3199999,1.4102452,1.2984966,1.4650105,1.3859031,1.1910167,1.4272301
"2020-10-28","Valid",347,36.4647011030362,310.535298896964,0,50,5,1.3399999,1.399888,1.2753732,1.4649584,1.3771708,1.1790236,1.4233867
"2020-10-29","Valid",342,30.6540605114156,311.345939488584,0,89,3,1.35,1.4038618,1.2702546,1.4667889,1.3924555,1.1728628,1.4766934
"2020-10-30","Valid",339,26.99096226301,312.00903773699,28,111,15,1.35,1.3978076,1.2582568,1.4537139,1.3815598,1.1585302,1.4542131
"2020-10-31","Valid",333,20.4689068560925,312.531093143907,-33,61,0,1.43,1.3939232,1.2539876,1.4455179,1.3732104,1.1508352,1.4332597
"2020-11-01","Valid",330,17.071411305746,312.928588694254,0,144,0,1.37,1.3908315,1.244691,1.47441,1.3780888,1.1387031,1.4751965
"2020-11-02","Valid",332,18.7824032227993,313.217596777201,-39,39,0,1.29,1.3781836,1.2303541,1.4824133,1.3571182,1.1290846,1.4290417
"2020-11-03","Valid",334,20.5961258646872,313.403874135313,-39,100,0,1.3399999,1.3854277,1.2372216,1.5383196,1.379089,1.1370198,1.4975176
"2020-11-04","Valid",326,12.5056988919009,313.494301108099,44,200,0,1.31,1.3803002,1.2380946,1.5712456,1.3746681,1.133618,1.4766103
"2020-11-05","Valid",320,6.6409434052124,313.359056594788,94,228,0,1.26,1.3559387,1.2093668,1.5606819,1.3325558,1.1392374,1.3820305
"2020-11-06","Valid",318,5.09831719482423,312.901682805176,67,200,0,1.25,1.3472323,1.1821402,1.5437312,1.3118637,1.1487813,1.35622
"2020-11-07","Valid",316,3.43061318359378,312.569386816406,72,228,0,1.24,1.3424393,1.1767023,1.5431186,1.3118412,1.1403466,1.3717307
"2020-11-08","Valid",315,2.66823046874998,312.33176953125,83,217,0,1.22,1.3384111,1.1788759,1.526,1.3078423,1.1295742,1.3567891
"2020-11-09","Valid",316,3.88609374999999,312.11390625,133,250,0,1.19,1.3372358,1.1875663,1.5210087,1.3077383,1.1292275,1.3502153
"2020-11-10","Valid",312,0,312,139,244,0,1.1800001,1.3437825,1.2009573,1.5095912,1.3061001,1.1454679,1.3538513
"2020-11-11","Valid",333,20.97046875,312.02953125,11,239,152,1.15,1.3451622,1.211652,1.5097367,1.3066381,1.1518947,1.3400354
"2020-11-12","Valid",335,22.8539609375,312.1460390625,-28,56,0,1.21,1.3896167,1.3277391,1.534126,1.4410857,1.1062696,1.317861
"2020-11-13","Valid",330,17.6355641601563,312.364435839844,-28,100,5,1.1800001,1.3748968,1.2762063,1.5436609,1.3578497,1.098458,1.3303349
"2020-11-14","Valid",325,12.3494983691406,312.650501630859,-56,39,0,1.29,1.3885545,1.2701025,1.5213956,1.370274,1.0879451,1.3878808
"2020-11-15","Valid",340,27.0071423983765,312.992857601624,-6,128,97,1.27,1.3890909,1.26377,1.515077,1.3760562,1.0880263,1.4330027
"2020-11-16","Valid",362,48.5524551449005,313.4475448551,-11,56,0,1.3199999,1.4157817,1.333504,1.4603767,1.4172896,1.0855467,1.4276011
