"Model","RMSE_Calib","NRMSE_Calib_mean","NRMSE_Calib_iq","MI_Calib","KGE_Calib","NSE_Calib","PBIAS_Calib","RMSE_Valid","NRMSE_Valid_mean","NRMSE_Valid_iq","MI_Valid","KGE_Valid","NSE_Valid","PBIAS_Valid","Site","colors"
"all_ws",0.238830773410567,0.363,0.919,0.158,-0.518742819457048,-0.658943034878016,-2,0.274658382798086,0.456,0.808,0.262,-0.6022895764348,-0.663816213834198,3.4,"01408500","#772e25"
"all_ws_attr",0.0655945195806216,0.1,0.252,0.469,0.931018583756158,0.874862920635618,1.4,0.0727619132303224,0.121,0.214,0.501,0.853039101115325,0.88323092091328,2.1,"01408500","#0096c7"
"all_ws_bfs",0.202269304895451,0.308,0.778,0.13,-0.0499465406511501,-0.189901103644054,-2.3,0.268307480132973,0.445,0.789,0.238,-0.777535386959972,-0.587761240668328,1.4,"01408500","#2b9348"
"all_ws_bfs_attr",0.0579052238296185,0.088,0.223,0.518,0.948707511249619,0.902481639160986,1.6,0.0712029776576327,0.118,0.209,0.491,0.8557628396695,0.888180911745322,2.1,"01408500","cyan"
"local",0.0629487091034423,0.096,0.242,0.489,0.898311609710843,0.884754345110592,-0.3,0.0929552002770489,0.154,0.273,0.447,0.745168783589879,0.809424522394364,1,"01408500","#f94144"
"local_bfs",0.0634831236156433,0.097,0.244,0.484,0.897968687461878,0.882789240929146,-0.1,0.0867755309903733,0.144,0.255,0.492,0.724159827930333,0.833921201330441,0.8,"01408500","#f8961e"
"all_ws",0.183952930634794,0.201,0.836,0.109,-0.146361955147855,-0.188974849233981,-1.5,0.251403696926979,0.268,1.059,0.222,-0.498538326837548,-0.932291988524444,2.7,"01463500","#772e25"
"all_ws_attr",0.0827332165606012,0.09,0.376,0.327,0.814356453035212,0.759497793847669,0.1,0.124105611420473,0.132,0.523,0.345,0.744900339106337,0.529117803311159,7.3,"01463500","#0096c7"
"all_ws_bfs",0.142636258489434,0.156,0.648,0.161,0.318927155765972,0.285143085637253,0.2,0.26739089255619,0.285,1.126,0.219,-0.535230746683772,-1.18586157430282,2.7,"01463500","#2b9348"
"all_ws_bfs_attr",0.0981066688876553,0.107,0.446,0.276,0.687715706062306,0.661813470091947,0.8,0.174263172068979,0.186,0.734,0.336,0.543183087383418,0.0715881736354941,12.9,"01463500","cyan"
"local",0.080037119359846,0.087,0.364,0.336,0.820598196414666,0.774917285312076,-0.4,0.169771574357151,0.181,0.715,0.318,0.570124751354987,0.11883064329371,1,"01463500","#f94144"
"local_bfs",0.0738502210438578,0.081,0.336,0.365,0.843644962228748,0.808370288954855,-0.2,0.167345854886169,0.178,0.705,0.282,0.58656799305577,0.143831288359139,1.3,"01463500","#f8961e"
"all_ws",0.29326788071479,0.268,0.533,0.19,0.537173600258347,0.396403220964729,-2.2,0.383088813949403,0.315,0.58,0.231,0.352785221219022,0.0674454557891787,-13.5,"01646500","#772e25"
"all_ws_attr",0.148993040306942,0.136,0.271,0.41,0.884495219588691,0.84420630537297,3.6,0.212164609448452,0.174,0.321,0.349,0.85626806915612,0.713963677833308,-1.6,"01646500","#0096c7"
"all_ws_bfs",0.231001454417871,0.211,0.42,0.255,0.715124409605379,0.625503864418142,-1.1,0.42858104723509,0.352,0.649,0.212,0.301229124509674,-0.167189102864071,-13.8,"01646500","#2b9348"
"all_ws_bfs_attr",0.151077336807559,0.138,0.275,0.391,0.870252373504183,0.8398169521056,-1.5,0.244731293966624,0.201,0.371,0.341,0.724865587210591,0.619412680972042,-11,"01646500","cyan"
"local",0.128537476397135,0.118,0.234,0.443,0.901845789530703,0.884048211942079,0.7,0.225436700345662,0.185,0.342,0.315,0.827742691428407,0.677057993611231,0.3,"01646500","#f94144"
"local_bfs",0.122075509232258,0.112,0.222,0.466,0.922687307178205,0.895413651307369,-0.4,0.26177777303108,0.215,0.397,0.307,0.625410586245994,0.56454744968636,-11.1,"01646500","#f8961e"
"all_ws",1.3470368235109,0.231,0.378,0.3,0.735465521126126,0.709483207113736,5.3,1.69472822967305,0.324,0.366,0.323,0.585101463276243,0.612588182704041,5.7,"03339000","#772e25"
"all_ws_attr",1.06797197756083,0.183,0.3,0.409,0.89154894015174,0.817386861777073,-7.8,1.39974564522858,0.268,0.303,0.366,0.866534212302943,0.735715929862568,2.4,"03339000","#0096c7"
"all_ws_bfs",1.1871385330529,0.203,0.333,0.344,0.840138617165917,0.774360510313476,5.2,2.20392849058892,0.421,0.477,0.306,0.578854209404362,0.344809284090526,8,"03339000","#2b9348"
"all_ws_bfs_attr",0.778930908598627,0.133,0.219,0.48,0.914508889839486,0.902857297854276,-1.7,1.44856399782028,0.277,0.313,0.389,0.790944215649718,0.716959807537513,13.9,"03339000","cyan"
"local",0.990614601240114,0.17,0.278,0.414,0.881209375465247,0.842883514796477,0.2,1.27483215166556,0.244,0.276,0.431,0.814143655893069,0.780780717238163,6.8,"03339000","#f94144"
"local_bfs",0.865522772176709,0.148,0.243,0.447,0.928096239049905,0.880058547835613,1.2,1.23825459812123,0.237,0.268,0.393,0.882154432250093,0.793179951680032,4.4,"03339000","#f8961e"
"all_ws",1.62924387295462,0.637,0.463,0.183,0.557865439205471,0.451871872124594,-3.5,1.36753470529426,0.599,0.684,0.246,0.545375715961493,0.180474471609788,33.1,"03346500","#772e25"
"all_ws_attr",0.877359003522051,0.343,0.249,0.42,0.832857737089691,0.841048521994026,-6.7,1.0086213584291,0.442,0.504,0.37,0.701321450285137,0.554197916257705,24.2,"03346500","#0096c7"
"all_ws_bfs",1.36823409633763,0.535,0.389,0.242,0.668750856250475,0.613427715548905,-2.1,1.55878218187711,0.683,0.779,0.187,0.269998114683257,-0.0647720408774011,6.1,"03346500","#2b9348"
"all_ws_bfs_attr",0.826101329867801,0.323,0.235,0.396,0.876773819549233,0.859078733152013,-0.4,1.39601219494307,0.611,0.698,0.297,0.523388119213297,0.145987559104465,33.7,"03346500","cyan"
"local",0.950931139586578,0.372,0.27,0.364,0.847181965937283,0.813272606681955,-0.7,1.55687206539838,0.682,0.778,0.231,0.490018590965494,-0.0621641171764442,36.6,"03346500","#f94144"
"local_bfs",0.779942294987521,0.305,0.222,0.451,0.884111047773843,0.874386927022848,-1.6,1.37076325085984,0.6,0.685,0.317,0.541612725371025,0.17660034869484,32.2,"03346500","#f8961e"
"all_ws",0.927873805231478,0.494,0.35,0.314,0.645896162302863,0.639942894779088,8.7,1.07675246837192,0.575,0.556,0.225,0.176615099217292,0.0631456154846798,-18.2,"04072150","#772e25"
"all_ws_attr",0.391895836754741,0.208,0.148,0.553,0.938992453198155,0.93577045336902,-5.3,0.781349815544202,0.417,0.404,0.403,0.721225489925446,0.506676993575523,11.1,"04072150","#0096c7"
"all_ws_bfs",0.894041481053382,0.476,0.337,0.363,0.612606712087549,0.665721153020834,0.7,1.09448388217561,0.585,0.566,0.288,0.26068887591874,0.0320362747228441,-2,"04072150","#2b9348"
"all_ws_bfs_attr",0.385725715609847,0.205,0.146,0.518,0.936093272675772,0.937777029014842,0.9,0.751953763747542,0.402,0.389,0.396,0.630957888577456,0.543098465650065,-18.3,"04072150","cyan"
"local",0.592442791193053,0.315,0.224,0.45,0.898078891696268,0.853213405236247,-6.3,1.17483329417417,0.628,0.607,0.428,0.328624609853889,-0.115302904025531,22,"04072150","#f94144"
"local_bfs",0.544916562089414,0.29,0.206,0.461,0.887660113521714,0.875819451784981,-2.3,1.07403154632992,0.574,0.555,0.437,0.420482595982179,0.0678744404641252,20.5,"04072150","#f8961e"
"all_ws",0.471556090555974,0.162,0.674,0.198,0.481630736071261,0.320177540826789,-0.7,0.66253284301948,0.237,1.44,0.225,-0.0320244969706689,-0.932329688912368,9.9,"04081000","#772e25"
"all_ws_attr",0.16956058107369,0.058,0.242,0.514,0.909580891832319,0.912102082949161,-1.9,0.184196634657111,0.066,0.4,0.493,0.928661097987682,0.850641554437239,-2.7,"04081000","#0096c7"
"all_ws_bfs",0.298567573713315,0.102,0.427,0.346,0.72629792318135,0.727470155182572,-1.6,0.701351654204493,0.251,1.525,0.161,0.00747024442662392,-1.16539960870752,14.6,"04081000","#2b9348"
"all_ws_bfs_attr",0.144458885962464,0.05,0.206,0.552,0.963417711816127,0.93620049431355,0.4,0.166215426035823,0.06,0.361,0.476,0.859236862321696,0.878378863652305,0.2,"04081000","cyan"
"local",0.154662104244127,0.053,0.221,0.522,0.947113735106992,0.926869823693032,0.1,0.190825092123126,0.068,0.415,0.425,0.859825900090024,0.839698581991831,0.2,"04081000","#f94144"
"local_bfs",0.153763987272339,0.053,0.22,0.54,0.939983463619573,0.927716686003185,0.1,0.202293267143923,0.072,0.44,0.433,0.773960464903217,0.819852076827839,2.2,"04081000","#f8961e"
"all_ws",1.42508146527374,0.196,0.356,0.328,0.779410981855056,0.740278728301761,-6.8,1.87226434033137,0.338,0.72,0.316,0.608922257595143,-0.340676817142516,27,"05412500","#772e25"
"all_ws_attr",0.874619971171395,0.12,0.219,0.501,0.946825059221886,0.902171157036317,0.4,2.87667827447777,0.519,1.106,0.253,0.421476133376276,-2.16499009475056,45.1,"05412500","#0096c7"
"all_ws_bfs",1.24956764407183,0.172,0.312,0.372,0.865885680627067,0.800313971380605,-3,1.51215004691359,0.273,0.582,0.25,0.606124889851972,0.12546027252502,17.4,"05412500","#2b9348"
"all_ws_bfs_attr",0.831563116666805,0.115,0.208,0.54,0.933033271932251,0.911566141574091,-1,2.74449631625292,0.495,1.056,0.207,0.433022900080503,-1.88081302993223,41.7,"05412500","cyan"
"local",1.00860863383212,0.139,0.252,0.488,0.880369220768345,0.869901137224261,-0.3,2.71824018324093,0.49,1.045,0.248,0.412958936804784,-1.8259561902057,42.7,"05412500","#f94144"
"local_bfs",1.01725492034069,0.14,0.254,0.461,0.913307155410748,0.867661034411816,0,2.83028849949161,0.51,1.089,0.253,0.436188460361965,-2.06373488483273,45.9,"05412500","#f8961e"
"all_ws",1.46133182955402,0.225,0.655,0.294,0.774967921317172,0.627721947089808,-3.9,1.66105963127332,0.232,1.191,0.324,0.704683428725436,0.484260916162719,0.7,"05418400","#772e25"
"all_ws_attr",0.633263611621897,0.097,0.284,0.531,0.928122164883623,0.930090078732236,2.8,1.51147884293753,0.211,1.083,0.414,0.812287764345334,0.572964734000742,13.2,"05418400","#0096c7"
"all_ws_bfs",1.30699233836394,0.201,0.586,0.345,0.852710119558371,0.702206077957697,-6.5,2.02978588448232,0.284,1.455,0.33,0.64875909636101,0.229877072488804,5.1,"05418400","#2b9348"
"all_ws_bfs_attr",0.563620270228553,0.087,0.253,0.559,0.950287082580692,0.944621274856587,-0.9,1.24481213996427,0.174,0.892,0.389,0.81301186566407,0.71035420544945,0.3,"05418400","cyan"
"local",0.67452303625247,0.104,0.302,0.515,0.913254153884435,0.920683540770569,-0.8,2.10045789438802,0.294,1.506,0.425,0.556862391077126,0.175316021730314,11.8,"05418400","#f94144"
"local_bfs",0.672679875129472,0.103,0.302,0.526,0.924821934159552,0.921116419314654,-0.2,1.75576377396139,0.246,1.259,0.447,0.662974991500703,0.423775439521742,7.8,"05418400","#f8961e"
"all_ws",0.952060982316922,0.217,0.508,0.169,0.490867666135044,0.394568976356824,-1,0.53083707449589,0.138,0.758,0.151,0.425172055069909,0.0865029239945626,1.6,"05446500","#772e25"
"all_ws_attr",0.474665420263986,0.108,0.253,0.427,0.850491203236469,0.849509070170972,0,1.35950118014181,0.353,1.942,0.207,0.362070461695969,-4.99161425400429,31.3,"05446500","#0096c7"
"all_ws_bfs",0.776110383975418,0.177,0.414,0.237,0.616488990046609,0.597670270334652,0,0.62029421874168,0.161,0.886,0.144,0.348391424004628,-0.247326457438368,6.5,"05446500","#2b9348"
"all_ws_bfs_attr",0.687113577164457,0.157,0.367,0.273,0.748708373708615,0.684650463146252,3.1,1.26891153470756,0.33,1.813,0.133,0.292904059954887,-4.21972181529946,27.5,"05446500","cyan"
"local",0.736620853949225,0.168,0.393,0.272,0.711913210127451,0.63757081990498,0.6,1.17131057425384,0.304,1.673,0.188,0.074167137512697,-3.44763147947411,20.5,"05446500","#f94144"
"local_bfs",0.537776552755986,0.123,0.287,0.352,0.835936438160614,0.806830363311598,0.1,1.01057169481583,0.263,1.444,0.093,0.123673841614395,-2.31069312688906,15,"05446500","#f8961e"
"all_ws",0.983153523488936,0.21,0.365,0.366,0.747445908833392,0.786256257990831,-3.9,1.0352415115227,0.328,0.647,0.315,0.582959118508612,0.264907309194525,19.3,"05447500","#772e25"
"all_ws_attr",0.677886115713073,0.145,0.252,0.52,0.937950332629299,0.898383506141096,3.5,1.7396972850398,0.551,1.087,0.381,0.18988917522324,-1.07589852125047,42.8,"05447500","#0096c7"
"all_ws_bfs",0.957051196546641,0.204,0.356,0.376,0.7980104934734,0.797455213264333,1.4,1.10560314034576,0.35,0.691,0.279,0.520848800000123,0.161588406053753,18.9,"05447500","#2b9348"
"all_ws_bfs_attr",0.542960532896962,0.116,0.202,0.556,0.966786622861298,0.934809058514551,0.4,1.57309654555666,0.498,0.983,0.328,0.213394435793521,-0.697342566954605,26.5,"05447500","cyan"
"local",0.715142779689982,0.153,0.266,0.47,0.904961804310039,0.886906864573965,1,1.51789027716474,0.48,0.949,0.325,0.417514268347203,-0.580299877078773,37.4,"05447500","#f94144"
"local_bfs",0.57342311031019,0.122,0.213,0.529,0.948325968768695,0.927288833439714,0,1.73009337724024,0.548,1.081,0.301,0.226918065416155,-1.05304200671654,39.5,"05447500","#f8961e"
"all_ws",1.72654913119286,0.377,0.241,0.441,0.71408645419446,0.80465309222532,24,1.25375581566093,0.196,0.314,0.435,0.748556635836533,0.735584293995772,-0.1,"05455100","#772e25"
"all_ws_attr",0.971521042325287,0.212,0.136,0.606,0.901780552548003,0.938148094821415,9.4,2.05643029206843,0.321,0.515,0.436,0.479616606545484,0.288640210901139,13.5,"05455100","#0096c7"
"all_ws_bfs",1.42175925846486,0.31,0.199,0.441,0.899005928361831,0.867535108363885,7.9,1.70552223900313,0.266,0.427,0.428,0.592285431591117,0.510699003145704,4,"05455100","#2b9348"
"all_ws_bfs_attr",0.788072724966342,0.172,0.11,0.562,0.933837923919015,0.95930123298608,-2.3,1.98669017007057,0.31,0.498,0.328,0.702039261353319,0.336071039415925,19.6,"05455100","cyan"
"local",1.07430153394959,0.234,0.15,0.522,0.941503544605548,0.924368789732279,2.2,2.62605370452198,0.41,0.658,0.301,0.494319534168046,-0.160028165431168,13.3,"05455100","#f94144"
"local_bfs",0.916137830512126,0.2,0.128,0.543,0.953692548335688,0.944999037127502,0.5,2.18458109458598,0.341,0.547,0.463,0.680227756548711,0.197217920849056,22,"05455100","#f8961e"
"all_ws",1.79733378257416,0.213,0.749,0.181,0.359180271885303,0.352290684805291,2.6,1.77158787755113,0.221,0.886,0.311,0.385652525491413,0.0936770835877992,2.3,"05457000","#772e25"
"all_ws_attr",0.936987290965888,0.111,0.39,0.425,0.847417819424115,0.823968630048185,0,1.31695318185861,0.164,0.658,0.368,0.810548149353247,0.499160892025732,9.5,"05457000","#0096c7"
"all_ws_bfs",1.46275506131393,0.173,0.609,0.281,0.593429958699622,0.570991509590765,2.6,1.50383966348151,0.188,0.752,0.279,0.397012747717309,0.346928650234147,-0.5,"05457000","#2b9348"
"all_ws_bfs_attr",0.88908055110342,0.105,0.37,0.437,0.853394371080975,0.841508896810073,0.2,1.53433546860154,0.191,0.767,0.355,0.764100518022526,0.320173310505494,12.7,"05457000","cyan"
"local",0.98332770017256,0.116,0.41,0.385,0.849239046144336,0.806126158821337,-0.3,1.37342383104679,0.171,0.687,0.408,0.808642311505414,0.455288280605805,11.1,"05457000","#f94144"
"local_bfs",0.874271098222284,0.103,0.364,0.422,0.863376932571359,0.846744908541819,0.2,1.38456257235541,0.173,0.692,0.378,0.768967013445002,0.44641701054832,9.2,"05457000","#f8961e"
"all_ws",1.44288001875985,0.287,0.379,0.294,0.743965505224787,0.750943435510859,-2.6,1.3464994039067,0.315,0.479,0.31,0.676910503418405,0.602732909426426,3,"05465500","#772e25"
"all_ws_attr",0.91372841163545,0.182,0.24,0.447,0.948563211996659,0.900121545656565,-1.2,2.28566108401527,0.535,0.813,0.4,0.389733872621213,-0.144705914653807,38.8,"05465500","#0096c7"
"all_ws_bfs",1.33225582847091,0.265,0.35,0.339,0.795863904125603,0.787669289802294,-1.1,1.75566402806993,0.411,0.625,0.267,0.501659313859225,0.324612403291446,-2.5,"05465500","#2b9348"
"all_ws_bfs_attr",0.856811420582175,0.17,0.225,0.473,0.91926513547669,0.912177044590801,-2.5,2.00098622922709,0.468,0.712,0.375,0.505109207314833,0.122679134319419,33.1,"05465500","cyan"
"local",1.0413740157073,0.207,0.273,0.415,0.897388542089676,0.870266830468547,-1.2,2.03604112512097,0.477,0.725,0.384,0.470486399192521,0.0916706432886896,33.9,"05465500","#f94144"
"local_bfs",0.876529735031888,0.174,0.23,0.459,0.938413475953281,0.908088286736041,0.3,2.25809207813391,0.529,0.804,0.334,0.462615327671305,-0.117258205994752,35.9,"05465500","#f8961e"
"all_ws",3.25627650658689,0.286,0.237,0.392,0.880824229222083,0.816213694239555,-6.6,3.31474322017292,0.388,0.389,0.481,0.670160964142181,0.581187867645528,18.5,"05481000","#772e25"
"all_ws_attr",1.83270878361906,0.161,0.133,0.529,0.950615960663029,0.941781968191641,-2.6,5.31081021327548,0.621,0.623,0.466,0.323081463261683,-0.0750806262255979,48.8,"05481000","#0096c7"
"all_ws_bfs",3.05230832377396,0.268,0.222,0.443,0.876361378521094,0.83851678082786,7.3,2.65472138799116,0.311,0.312,0.476,0.846414126620898,0.731368232504751,6.3,"05481000","#2b9348"
"all_ws_bfs_attr",1.73320736478203,0.152,0.126,0.543,0.962556082927752,0.947931909861886,0.9,3.86059894679798,0.452,0.453,0.512,0.517577995340774,0.431894691063839,39,"05481000","cyan"
"local",2.31576077631145,0.204,0.169,0.468,0.930453928013197,0.907048161558737,-2,5.41636554927748,0.634,0.636,0.489,0.294631804631918,-0.118240986484948,47.8,"05481000","#f94144"
"local_bfs",2.20002776950756,0.193,0.16,0.484,0.943741233876842,0.916106768809249,-0.6,5.98752672521253,0.701,0.703,0.458,0.272604761608183,-0.36651499560696,63.6,"05481000","#f8961e"
"all_ws",2.20844366867826,0.287,0.378,0.289,0.761098380343646,0.710153253241032,-3.6,2.7310746134837,0.625,0.515,0.311,0.490707950643501,0.0564433722460748,46.3,"05482000","#772e25"
"all_ws_attr",1.11914764822801,0.145,0.191,0.519,0.956133008690121,0.925566138350043,1.6,3.19732174468541,0.732,0.603,0.346,0.329771027147085,-0.293223302399485,52,"05482000","#0096c7"
"all_ws_bfs",1.86903313859966,0.243,0.319,0.357,0.833092097242315,0.792398837387101,0.2,3.44177803438293,0.788,0.649,0.19,0.289020372076211,-0.498533844876226,37.7,"05482000","#2b9348"
"all_ws_bfs_attr",0.942727874900873,0.123,0.161,0.572,0.959026062021484,0.947183639008202,-0.5,3.02494773541855,0.692,0.571,0.344,0.433790065859156,-0.157541551895981,33.7,"05482000","cyan"
"local",1.44444148142821,0.188,0.247,0.46,0.910284032403338,0.876007424205066,0.2,3.63588474203058,0.832,0.686,0.429,0.138209124571618,-0.672326432124436,66.6,"05482000","#f94144"
"local_bfs",2.3756436447633,0.309,0.406,0.324,0.763495474269492,0.664603621503144,-4.9,3.79027550149492,0.867,0.715,0.384,0.162544607393916,-0.817365987184167,60.3,"05482000","#f8961e"
"all_ws",2.88552750919379,0.258,0.39,0.27,0.76704788726999,0.68906144651027,-1.6,3.04220148312049,0.363,1.087,0.205,0.458708158601412,-0.471374091951566,15.7,"05482300","#772e25"
"all_ws_attr",1.43583076450472,0.129,0.194,0.517,0.941376102880063,0.923010651482489,2.3,4.44475023166434,0.53,1.587,0.215,0.12195557402425,-2.14081155287627,33.7,"05482300","#0096c7"
"all_ws_bfs",2.30334979697814,0.206,0.311,0.348,0.850934556640125,0.801872878654504,1.3,2.61361289252049,0.312,0.933,0.21,0.519246969794276,-0.0859996487624146,4.6,"05482300","#2b9348"
"all_ws_bfs_attr",1.3140369573571,0.118,0.178,0.551,0.949009422052518,0.935517881743384,2.1,3.62959693860732,0.433,1.296,0.237,0.305377665155564,-1.09442087172706,22.7,"05482300","cyan"
"local",2.07476220100018,0.186,0.28,0.414,0.890555420676321,0.839246369376535,0,4.91131661194454,0.585,1.754,0.22,-0.0599107283245548,-2.83480267450828,34.8,"05482300","#f94144"
"local_bfs",1.89534037369174,0.17,0.256,0.436,0.905204317274071,0.865847563894264,0.7,4.77057668496133,0.569,1.704,0.227,-0.016928445266654,-2.61816959637494,33.2,"05482300","#f8961e"
"all_ws",2.97077830601219,0.29,0.322,0.353,0.793196029217196,0.783581678164113,-1.3,3.45095808616506,0.528,0.683,0.308,0.564385265111138,0.0291518057303564,31.1,"05482500","#772e25"
"all_ws_attr",1.61883289509913,0.158,0.176,0.542,0.963501781704802,0.935737505607873,1.8,5.54186001353119,0.849,1.097,0.411,0.0187346913972494,-1.5037044474649,64.1,"05482500","#0096c7"
"all_ws_bfs",2.25191261300703,0.22,0.244,0.432,0.882444150211898,0.875646903446255,2.8,2.63461109796622,0.403,0.522,0.319,0.701053125613413,0.434145216158632,13.1,"05482500","#2b9348"
"all_ws_bfs_attr",1.32071199508732,0.129,0.143,0.617,0.974790438319018,0.957226993090256,1.1,4.92087084270246,0.754,0.974,0.383,0.060911091206425,-0.974039737077694,46.4,"05482500","cyan"
"local",2.80685883048101,0.274,0.305,0.393,0.847513289491275,0.80680553554643,-0.1,4.73935112370251,0.726,0.938,0.433,0.153341305705016,-0.831090160241778,58.4,"05482500","#f94144"
"local_bfs",4.86933672420896,0.476,0.528,0.252,0.454880880997432,0.418575734099942,0.3,4.3738535330824,0.67,0.866,0.363,0.399986494234865,-0.559554045359322,53.8,"05482500","#f8961e"
"all_ws",1.54274161771869,0.228,0.393,0.3,0.66015253736653,0.644207394413173,-2,1.90773355388718,0.452,0.415,0.446,0.576910796013046,0.322658097828121,37.5,"05484000","#772e25"
"all_ws_attr",0.721623901778856,0.107,0.184,0.508,0.960182728105417,0.922154709038804,-0.3,1.29356890575643,0.306,0.281,0.491,0.721421977822827,0.688576313243247,22.4,"05484000","#0096c7"
"all_ws_bfs",1.32297602051227,0.195,0.337,0.346,0.748147495581697,0.738353775652519,-3.1,2.01955232274034,0.478,0.439,0.479,0.591322496672501,0.240928431001703,32.9,"05484000","#2b9348"
"all_ws_bfs_attr",0.699165442608562,0.103,0.178,0.53,0.937774018109079,0.926924728767929,-2.9,0.745027073879219,0.176,0.162,0.547,0.861873402162996,0.896696124031921,7.1,"05484000","cyan"
"local",0.694875742648446,0.103,0.177,0.543,0.943909556918135,0.927818678397186,0.3,1.32719422894673,0.314,0.289,0.503,0.751613193206138,0.672175448584827,22,"05484000","#f94144"
"local_bfs",0.606398020750585,0.09,0.154,0.587,0.961434765326543,0.945029956918656,-0.6,1.17041329843957,0.277,0.254,0.514,0.778724857361037,0.745052356673419,20.3,"05484000","#f8961e"
"all_ws",2.21235587594304,0.279,0.318,0.325,0.802753982618585,0.769970255079832,-3.5,2.50288799576779,0.475,0.491,0.375,0.647226249084032,0.307570147740336,26.8,"05484500","#772e25"
"all_ws_attr",1.18440591338348,0.149,0.17,0.553,0.966555833133215,0.934071202343326,0.4,3.17196019122257,0.602,0.622,0.442,0.366577240487455,-0.112111697239988,46.1,"05484500","#0096c7"
"all_ws_bfs",1.80693835266666,0.228,0.26,0.404,0.887607367612268,0.846552190379205,-1.1,2.0907260305986,0.397,0.41,0.368,0.687184532771533,0.516844191230133,15.5,"05484500","#2b9348"
"all_ws_bfs_attr",1.09568359133799,0.138,0.157,0.576,0.930634519523543,0.943578537776277,-1.8,2.2128111041918,0.42,0.434,0.45,0.617367324986865,0.458770279992364,33.8,"05484500","cyan"
"local",1.899703806865,0.24,0.273,0.414,0.886663121772539,0.83039220520615,0.9,3.41978947954117,0.649,0.671,0.399,0.331914162286101,-0.292681984203763,49.6,"05484500","#f94144"
"local_bfs",2.05106995168507,0.259,0.295,0.396,0.844327979870791,0.802287118339765,0.2,3.54816490513539,0.674,0.696,0.377,0.332505420165853,-0.391555538779643,53.9,"05484500","#f8961e"
"all_ws",0.304491469463301,0.187,0.982,0.092,0.387092294648451,0.299561094908532,0.5,0.344792095163698,0.233,1.277,0.095,0.271080467950735,-0.621012871314036,9.6,"05515500","#772e25"
"all_ws_attr",0.181312807970606,0.111,0.585,0.289,0.787873045742421,0.751642678175315,-1.2,0.193527085164207,0.131,0.717,0.253,0.774130204315149,0.489312328947895,6.9,"05515500","#0096c7"
"all_ws_bfs",0.279837986782354,0.172,0.903,0.14,0.509603151762559,0.408392956713455,2,0.306260102800398,0.207,1.134,0.162,0.530356368875619,-0.278947479258373,10,"05515500","#2b9348"
"all_ws_bfs_attr",0.175789606779894,0.108,0.567,0.305,0.812120804467117,0.766543274543392,1.1,0.23500375136817,0.159,0.87,0.21,0.75767694179127,0.246954093089176,10,"05515500","cyan"
"local",0.172310992130744,0.106,0.556,0.333,0.803594345626742,0.775691378524583,-0.7,0.203501922108459,0.138,0.754,0.257,0.708835910289294,0.435311564812431,3.2,"05515500","#f94144"
"local_bfs",0.160761285883929,0.099,0.519,0.335,0.829005497458908,0.804753641368477,-0.3,0.19559872773987,0.132,0.724,0.197,0.698755141205144,0.478320328656792,3.8,"05515500","#f8961e"
"all_ws",0.576527886467605,0.263,0.623,0.223,0.502475914162705,0.496865633654391,1.2,0.60920354708317,0.299,0.609,0.293,0.600745948505264,0.418850238631744,9.7,"05517500","#772e25"
"all_ws_attr",0.36972094627081,0.169,0.4,0.389,0.812319944812742,0.793085247066858,-2.1,0.407634577892472,0.2,0.408,0.409,0.808504708092598,0.739801223810613,3.1,"05517500","#0096c7"
"all_ws_bfs",0.52730842233969,0.241,0.57,0.268,0.668094073354831,0.579105974455706,4.5,0.477336367615127,0.234,0.477,0.352,0.692953905772898,0.643210335690335,4.3,"05517500","#2b9348"
"all_ws_bfs_attr",0.361342620476215,0.165,0.391,0.416,0.822854980590925,0.802356869337529,-0.1,0.403818843294467,0.198,0.404,0.371,0.82837303826635,0.744649696712021,2.3,"05517500","cyan"
"local",0.417397540454889,0.191,0.451,0.349,0.78819582608869,0.736279970157853,2.6,0.475831976451207,0.233,0.476,0.33,0.748283732358623,0.645455735086268,6.3,"05517500","#f94144"
"local_bfs",0.413755918973371,0.189,0.447,0.386,0.766165950791605,0.740861593302947,-0.6,0.453636578945752,0.222,0.454,0.341,0.72035137155727,0.677760073138049,-2.3,"05517500","#f8961e"
"all_ws",0.53003270714507,0.293,0.646,0.211,0.513963893163774,0.476176702777367,0.6,0.477622978232944,0.315,0.562,0.307,0.607866096914454,0.488173470155333,15.4,"05518000","#772e25"
"all_ws_attr",0.324971492749092,0.18,0.396,0.363,0.834185701699611,0.803088989434068,-2.7,0.390428104300952,0.258,0.459,0.379,0.812630455549284,0.657993379869188,9,"05518000","#0096c7"
"all_ws_bfs",0.474368617846463,0.262,0.578,0.233,0.650068810637511,0.580423292229619,2.9,0.427008795668793,0.282,0.502,0.352,0.791812416829801,0.590903267982059,4.2,"05518000","#2b9348"
"all_ws_bfs_attr",0.354407128800629,0.196,0.432,0.368,0.800640834899811,0.765801360210562,-1.5,0.39382516919993,0.26,0.463,0.352,0.816698995049788,0.65201597665795,7.7,"05518000","cyan"
"local",0.352142356817206,0.195,0.429,0.343,0.811378373610732,0.76878500102095,-0.5,0.356462299770445,0.235,0.419,0.403,0.810968803536963,0.714911579457019,6.9,"05518000","#f94144"
"local_bfs",0.35529370666338,0.196,0.433,0.347,0.817851132109273,0.764628161248996,1.1,0.417995801676849,0.276,0.492,0.373,0.778478903200746,0.607990846448871,10.2,"05518000","#f8961e"
"all_ws",1.45235774336802,0.277,0.411,0.271,0.643644923847173,0.623181328985896,-7.8,1.13931942549239,0.297,0.251,0.377,0.753983706067976,0.78491641566636,0,"05524500","#772e25"
"all_ws_attr",0.912946301803684,0.174,0.258,0.42,0.890051961974674,0.851106522975478,-4.7,0.803589401517658,0.21,0.177,0.487,0.918057012664108,0.892999782277053,-5.3,"05524500","#0096c7"
"all_ws_bfs",1.30788853227782,0.25,0.37,0.28,0.766974498933926,0.694418774570915,-3.2,1.16962064608312,0.305,0.258,0.418,0.831364941476357,0.773323596940832,10.1,"05524500","#2b9348"
"all_ws_bfs_attr",0.752324403893912,0.144,0.213,0.49,0.872103051306202,0.898889675585075,0.9,0.929056583475337,0.242,0.205,0.452,0.873557436686948,0.856978742815922,11.3,"05524500","cyan"
"local",0.844977405483935,0.161,0.239,0.437,0.887016640787786,0.872451487896683,0.5,1.19434760664452,0.312,0.263,0.449,0.793691441546689,0.763637949939712,17.5,"05524500","#f94144"
"local_bfs",0.756136688220504,0.144,0.214,0.472,0.912803644219814,0.897862358286929,-0.6,1.02098148153736,0.266,0.225,0.423,0.870071718809194,0.827276276859402,10.1,"05524500","#f8961e"
"all_ws",1.12188360080953,0.257,0.67,0.123,0.239015304521199,0.164723998389865,5.9,1.59890446827055,0.32,0.842,0.112,-0.180613594116153,-0.586880018275722,-15.6,"05537980","#772e25"
"all_ws_attr",0.473574361403658,0.109,0.283,0.398,0.850047510706768,0.851163047541967,0.5,0.77835234403912,0.156,0.41,0.292,0.818913721695385,0.623944855284187,2.7,"05537980","#0096c7"
"all_ws_bfs",0.99356921466095,0.228,0.593,0.145,0.431677098469548,0.34486521768027,4.8,1.73698769853601,0.347,0.914,0.102,-0.135251163711734,-0.872804933491085,-18.4,"05537980","#2b9348"
"all_ws_bfs_attr",0.540466254451341,0.124,0.323,0.356,0.902489776809897,0.806147426988804,1.4,0.800254755869725,0.16,0.421,0.284,0.81139927007582,0.602483109233311,4,"05537980","cyan"
"local",0.446322115633267,0.102,0.266,0.403,0.929903439168069,0.867800072069094,1.3,0.699546830504699,0.14,0.368,0.355,0.814061912024167,0.696238558062975,-5.3,"05537980","#f94144"
"local_bfs",0.403836143828645,0.093,0.241,0.446,0.891327606456979,0.89177071812775,-1,0.67341962557213,0.135,0.354,0.337,0.857181750636047,0.718505057075556,-1,"05537980","#f8961e"
"all_ws",0.714462570318503,0.659,0.679,0.114,0.424587700067037,0.288128662488087,-6.8,0.623143224635807,0.578,0.89,0.176,0.387004623478063,-0.0804060657434416,2,"05595000","#772e25"
"all_ws_attr",0.486259051177904,0.448,0.462,0.281,0.726539641008387,0.670255211512845,-3.3,0.543544911586999,0.504,0.776,0.236,0.620879255233102,0.177980484973911,4.1,"05595000","#0096c7"
"all_ws_bfs",0.665796774752584,0.614,0.633,0.158,0.456607842034551,0.381804388434438,2.8,0.762069054216593,0.707,1.089,0.179,0.183643004704171,-0.615845792641941,16.2,"05595000","#2b9348"
"all_ws_bfs_attr",0.429399551918559,0.396,0.408,0.339,0.77152166198029,0.742862322158477,2.8,0.488481140658042,0.453,0.698,0.253,0.667719266786998,0.336093590788006,-1.5,"05595000","cyan"
"local",0.458916897146232,0.423,0.436,0.291,0.760300308765939,0.706295472809574,0.5,0.426533402956425,0.395,0.609,0.268,0.747060392197532,0.493805579041531,-5.3,"05595000","#f94144"
"local_bfs",0.408212468411658,0.376,0.388,0.326,0.795146667859473,0.767611263322581,0.3,0.566249481110952,0.525,0.809,0.234,0.592510349168107,0.107872569009786,18,"05595000","#f8961e"
"all_ws",0.696686964188966,0.384,0.606,0.27,0.554899471922302,0.541671049253243,-12.1,0.604986975210642,0.457,0.359,0.406,0.465848457744041,0.529679127133394,-10.8,"06481000","#772e25"
"all_ws_attr",0.487206588967307,0.268,0.424,0.361,0.771724908214729,0.775855427152487,2.8,0.546786379199481,0.413,0.325,0.443,0.648080616091015,0.615817499816464,9.9,"06481000","#0096c7"
"all_ws_bfs",0.776892618772491,0.428,0.676,0.213,0.514160278007451,0.430066857934838,-11,0.569830847401638,0.43,0.338,0.376,0.682352421142751,0.582752142702035,11.1,"06481000","#2b9348"
"all_ws_bfs_attr",0.506847264210853,0.279,0.441,0.402,0.772501579551441,0.757419361350638,3.8,0.517037462991867,0.391,0.307,0.359,0.66667498786387,0.656484587432467,-11.4,"06481000","cyan"
"local",0.622149686712469,0.343,0.541,0.343,0.704888950135328,0.634496369328349,-0.5,0.556225653412216,0.42,0.33,0.334,0.761357539895743,0.602438579833422,16.1,"06481000","#f94144"
"local_bfs",0.644443515101547,0.355,0.56,0.298,0.66686764037066,0.607832465869216,-3.3,0.489629538391422,0.37,0.291,0.333,0.798655241420004,0.691938501447052,15.3,"06481000","#f8961e"
"all_ws",0.926899339299671,0.121,0.515,0.278,0.802455650152448,0.597974480569332,-0.1,1.91278440209867,0.358,0.503,0.374,0.5610321297908,0.00667969901749144,24.6,"06808500","#772e25"
"all_ws_attr",0.595857519318882,0.078,0.331,0.413,0.877905442872417,0.833860337082079,-1.2,1.58996475348354,0.298,0.418,0.474,0.48303785686166,0.313671138788815,21.7,"06808500","#0096c7"
"all_ws_bfs",0.7786140126599,0.102,0.433,0.337,0.85968981837481,0.716317263657605,0,1.73244037450122,0.324,0.456,0.427,0.628823967429762,0.185157146482798,24.9,"06808500","#2b9348"
"all_ws_bfs_attr",0.515847952488911,0.067,0.287,0.463,0.887818893203964,0.875482068168959,-1.2,1.21214816823979,0.227,0.319,0.466,0.606129903596582,0.601095728105673,14.8,"06808500","cyan"
"local",0.52057106308455,0.068,0.289,0.468,0.913740090472385,0.873191453887217,1.7,1.84899982505764,0.346,0.487,0.368,0.452268560092665,0.0718225601672213,25.2,"06808500","#f94144"
"local_bfs",0.51995872817042,0.068,0.289,0.461,0.906398163702733,0.873489601968118,-1.1,1.85160917394779,0.347,0.487,0.34,0.486069343707598,0.0692009831545441,25,"06808500","#f8961e"
"all_ws",1.43115349296995,0.353,0.423,0.354,0.701142573261403,0.720058563511644,4.3,1.39701335480567,0.532,0.873,0.326,0.481967337821981,-0.135110936324113,39.3,"06817000","#772e25"
"all_ws_attr",1.11715541120295,0.275,0.33,0.42,0.843075773214272,0.829422421865424,1.9,1.51880483823088,0.578,0.949,0.323,0.43739027919134,-0.341655873473148,44.9,"06817000","#0096c7"
"all_ws_bfs",1.27157783168243,0.313,0.376,0.37,0.851674642404613,0.779005913380675,3.4,2.16623351357909,0.825,1.354,0.296,0.065045628389977,-1.72927774129465,50.7,"06817000","#2b9348"
"all_ws_bfs_attr",0.796104627304111,0.196,0.235,0.513,0.893969883876482,0.913376634390566,-2.3,1.14198991695788,0.435,0.714,0.326,0.642382848679012,0.24148926585551,29.7,"06817000","cyan"
"local",0.919788835699991,0.227,0.272,0.465,0.910647767328472,0.884369867112126,0.6,1.74700626864677,0.665,1.092,0.338,0.179860672117844,-0.775113467881048,39.5,"06817000","#f94144"
"local_bfs",0.728277920404408,0.179,0.215,0.53,0.947196362709755,0.927508173243928,0.2,1.21949090418216,0.464,0.762,0.322,0.549950910806659,0.135043387535276,29.9,"06817000","#f8961e"
